,uid,name,gender,verify_type,verify_info
0,5871895617,幽默段子坊,1,1,知名搞笑幽默博主 搞笑视频自媒体
1,5120638966,内涵搞笑,1,1,知名搞笑幽默博主 微博签约自媒体
2,3205468931,O2O头条,0,2,O2O头条  自媒体微博
3,2111035555,以往梦回,1,0,
4,5342389966,木槿默默r1963,1,0,
5,6591518034,用户6591518034,2,0,
6,3463252864,Daisy糊糊,2,0,
7,3026526010,SuperElizabeth,2,0,
8,3575612600,比比最萌,1,0,
9,6378988761,容朕思考下,2,0,
10,5945611269,茜茜Cecilia小清新,2,0,
11,2002089892,THOUSANDSOFSUNNY,2,0,
12,5506442120,Alexia885,2,0,
13,2624359503,小院子思密达,2,0,
14,2290952121,五五舞五五,2,0,
15,5662733778,在场OnSight,1,1,微博原创视频博主
16,6417118381,十分道,2,0,
17,6144153080,用户6144153080,1,0,
18,6667588960,沙皮1979,2,0,
19,6102836500,闲云小竺,1,0,
20,2492239131,熟悉的更熟悉,1,0,
21,1462649411,智勇在线,0,2,南京交通广播《智勇在线》栏目微博
22,1144050723,气沉丹田,1,0,
23,6681520967,用户6681520967,2,0,
24,6146648275,金聊斋,1,1,头条文章作者
25,5034344609,若爱深爱丶,1,0,
26,6580581125,嘻哈社会689,1,0,
27,5655037924,不过戏中小丑,1,0,
28,6681420498,用户6681420498,1,0,
29,6609921828,理财舅赚钱,1,0,
30,1796217437,艾瑞网,0,2,聚合互联网数据资讯，融合互联网行业资源，国内首家新经济门户。
31,6326622416,用户6326622416,1,0,
32,6338474785,测相大师,1,1,知名星座命理博主 头条文章作者
33,6460333406,用户6460333406,2,0,
34,6601672163,优惠找,1,0,
35,6558652204,用户6558652204,2,0,
36,5329688561,小溪BabbIe1,1,0,
37,6612463735,区付通科技,0,2,杭州区付通网络科技有限公司
38,6357816462,时代新评,0,2,新评网 www.theping.cn
39,6135707205,秒拍秘书,0,2,秒拍客服官方账号
40,2510158274,老宁说,1,1,  上海通联科技发展有限公司 高级顾问 知名互联网资讯博主 微博签约自媒体
41,2432558802,华中师范大学广播台,0,2,华中师范大学广播台官方微博
42,1767957772,通天下,0,2,江苏广电融媒体新闻中心《通天下》栏目
43,5845729517,待我长发及腰2012,2,0,
44,6182431996,西安凯科出行,0,2,西安凯科汽车服务有限公司
45,5560341722,河南光法洛阳律师事务所,0,2,河南光法(洛阳)律师事务所
46,6653464492,用户6653464492,1,0,
47,1788567773,乐清城市网,0,2,乐清市德网文化传媒有限公司
48,1641561812,经济观察报,0,2,经济观察报官方微博
49,2989733780,郑大奋男,1,0,
50,6543758891,中达鹰扬,0,2,中达鹰扬官方微博
51,1649597805,电脑报,0,2,电脑报新媒体官方微博
52,3108778417,IN古城西安,1,1,本地资讯博主（西安）美食点评团成员 资讯视频自媒体
53,1960785875,今晚报,0,2,今晚报官方微博新浪微博社区委员会专家成员
54,6345789866,河北快报,1,1,本地资讯博主（石家庄）
55,5246182255,河洛leaf,1,0,
56,1900661044,湖南交通频道官方微博,0,2,湖南交通台官方微博
57,3815441527,攀枝花晚报,0,2,攀枝花晚报官方微博
58,6192178557,农人地带,1,0,
59,2368701104,毛正峻,1,1,上海明华房地产有限公司董事长
60,1318215557,于此聚焦,1,0,
61,5152975530,东东在线观察,1,0,
62,5988178479,大逗逼小超人,1,0,
63,1609734732,夏天谈视,1,1,秒拍达人 知名互联网资讯博主
64,1907647761,中国消费者报,0,2,中国消费者报官方微博
65,6564457014,当代网安康资讯,0,2,关注当代，眺望未来，感知行进中的安康！
66,6371241364,Clown122477,1,0,
67,5657609813,东莞网警巡查执法,0,2,东莞市公安局网络警察支队
68,5156855628,湖州广电新媒体,0,2,湖州广播电视总台新媒体中心
69,2231098810,雅安头条,0,2,雅安新报官方微博
70,1923969675,河北音乐广播,0,2,河北音乐广播官方微博、声动中国最受欢迎电台
71,2820957467,香樟法宣,0,2,上海市闵行区司法局江川司法所官方微博
72,5285525183,知面识人,1,1,星座命理博主
73,6249717501,庆祝6249717501,1,0,
74,2087169013,法制日报,0,2,法制日报官方微博
75,1750070171,36氪,0,2,36氪官方微博
76,1642088277,财经网,0,2,财经网官方微博
77,1926909715,第一财经日报,0,2,第一财经日报官方微博
78,3800181655,南京鼓楼司法在线,0,2,江苏省南京市鼓楼区司法局官方微博
79,1962117985,南国都市报,0,2,《南国都市报》官方微博
80,1642482194,创业家传媒,0,2,北京创业未来传媒技术有限公司
81,1847123567,香港商報網,0,2,香港商报和香港商报网的官方微博
82,6435615119,用户6435615119,1,0,
83,3514732862,广西日报,0,2,广西日报官方微博
84,2883973690,车托帮,0,2,车托帮（北京）移动科技有限公司
85,1996224695,福建新闻中心,0,2,福建新闻中心官方微博
86,6473970095,夜读,0,2,央视新闻“夜读”官方微博
87,1926082815,CCTV热线12,0,2,CCTV《热线12》栏目官方微博
88,5570253188,博纳国际影城泰州店,0,2,苏州博纳丽丰影院管理有限公司泰州分公司
89,1899227237,青岛早报,0,2,青岛早报官方微博
90,5658832564,汕头网警巡查执法,0,2,汕头市公安局网络警察支队
91,2831756647,山西交警,0,2,山西省公安厅交警总队官方微博
92,2511527114,荆门晚报,0,2,荆门晚报官方微博
93,6452366262,长沙全接触,1,1,本地资讯博主（长沙）
94,1964619957,青春上海,0,2,中国共产主义青年团上海市委员会官方微博
95,6585355202,夜空最中亮的星,1,0,
96,1913382117,深圳晚报,0,2,《深圳晚报》官方微博
97,1895096900,深圳新闻网,0,2,深圳新闻网官方微博
98,2049368710,武汉身边事,2,1,微博武汉同城大使 知名本地博主
99,1806128454,凤凰网视频,0,2,凤凰网视频官方微博
100,1677991972,晶报,0,2,深圳晶报官方微博
101,2821638943,九州微言,1,1,知名综艺博主
102,5840192941,恩佑rater粉粉,1,0,
103,5619985176,北京密云猴哥,1,0,
104,5732138055,岁月波澜-余生悲欢,1,0,
105,5718516331,任晨北,2,1,北京我爱我家房地产经纪有限公司 置业顾问
106,2156430897,40老黄兔,1,1,头条文章作者
107,3224351014,XWY夏夏,2,0,
108,2350456711,16894tyivsw8tumblr,1,0,
109,1930654095,陈从心_Eliam,1,0,
110,2933602530,上海妈咪聊中考,2,0,
111,3229373582,哈喽小舒心,2,0,
112,2664214542,乐天教育常青藤校区,2,0,
113,1609887593,乐天教育白云校区,2,0,
114,1617172483,当宁消防网,0,2,当宁消防网 dnfire.cn官方微博
115,2869652010,访师,2,0,
116,2090187760,安吉市场监管,0,2,浙江省安吉县工商行政管理局官方微博
117,2002753433,海宁日报海宁购,2,0,
118,2665060701,浙江24小时,0,2,《钱江晚报》浙江24小时栏目官方微博
119,2734286505,信阳工商,0,2,信阳市工商行政管理局官方微博
120,2012674180,南海安监,0,2,广东省佛山市南海区安监局官方微博 
121,2945074902,天下溪流於心-朱战,1,0,
122,3289075651,蔡家有只燕,2,0,
123,2722856767,张文娟WJ,2,0,
124,6368315799,毕读手册,2,0,
125,5061311642,总有一天会变成学霸,1,0,
126,5676426396,洗era,1,0,
127,3102142987,loveicon杨,2,0,
128,1660712570,少初公子,2,0,
129,5436699609,Liu_刘雨桐,2,0,
130,6391186491,群里老哥个个是人才,2,0,
131,3222678282,张召雄-Zebulon,1,1,华诚居装修设计工程有限公司市场部经理张召雄 房产博主 厦门楼市情报站超话主持人 头条文章作者
132,3949731029,加菲泰斗喵,2,0,
133,1351452261,Cxj奇点敲股,1,1,财经博主 头条文章作者
134,6516524788,小猪佩奇你配我呐,2,0,
135,6206382306,吕金文哟,1,0,
136,3970537890,_Oliviaaaaaaa,2,0,
137,2086882547,大懒猫老苏,1,0,
138,5706449458,暖心飞羽,2,0,
139,1075970297,慈溪电视台关注栏目,0,2,慈溪市广播电视台关注栏目
140,1934163622,保定微观,1,0,
141,2092263723,嘀嗒嘀嗒嘀嗒1,1,0,
142,6061082056,聊城大学报官微,1,0,
143,5114279797,西安秦人城事,1,1,资讯视频自媒体
144,1617416704,湖北经典音乐广播,0,2,湖北经典音乐广播Fun music radio(FM103.8)
145,1644510497,商界BUSINESS,0,2,商界杂志官方微博
146,5134043072,直通屏山,0,2,东南网旗下直通屏山官方微博
147,3741446893,Evasosmart,2,0,
148,6221741735,公文包101,1,0,
149,6452231600,NBD视频,0,2,每日经济新闻视频专号
150,6455962636,Charles_lihui,1,0,
151,5228963479,问政大庆,0,2,百湖民声大庆市政府网络问政平台 http://wz.dqdaily.com/
152,1676868042,上海金融报,0,2,上海金融报官方微博
153,3928984169,柠檬looklike,2,0,
154,5000611793,中国大庆发布,0,2,中共大庆市委宣传部官方微博
155,2292896411,中工网,0,2,中工网法人微博
156,5661918873,Tyjszmrx,1,0,
157,2733824000,sunflowerwk,2,0,
158,2194541122,自媒体评论员,1,1,  中国平安（集团）有限公司保险销售员 知名互联网资讯博主
159,6301273464,46良君,1,0,
160,5253699334,向阳的小太阳fight,2,0,
161,6678398998,媒体人潘樾,1,0,
162,6572357824,用户6572357824,1,0,
163,1393202693,菜鸟军虫微博,1,1,知名军事博主
164,1663612603,中国经济网,0,2,中国经济网法人微博
165,1801487174,东方财富网,0,2,东方财富网官方微博
166,1594240455,塞外刀客MYL,1,1,媒体人 头条文章作者 微博签约自媒体
167,5640111824,八百里秦川秦姑娘,2,0,
168,1163143843,汇哥天宏,1,1,知识付费超话小主持人 财经评论员、作家，作品《贸易金融产品设计》
169,1774053115,玉林新闻网,0,2,玉林新闻网
170,1297954675,今日女报,0,2,《今日女报》官方微博
171,2156422074,当代先锋网,0,2,当代先锋网 官方微博
172,5803226982,乡村法制剧场,0,2,中国农业电影电视中心乡村法制剧场
173,1856404484,凤凰网科技,0,2,凤凰网科技频道官方微博
174,2013046764,石家庄新闻广播,0,2,石家庄广播电视台新闻广播官方微博
175,5155691837,唐山检察,0,2,河北省唐山市人民检察院官方微博
176,5827510291,京津冀的事儿,1,0,
177,2162967015,六毛耶,2,0,
178,3229916011,河北广播电视台,0,2,河北广播电视台官方微博
179,2299108240,liang叻,2,0,
180,6016092099,中交出行,0,2,深圳市中交出行科技有限公司的官方微博
181,6666468571,湖南高校那些事儿,2,1,本地资讯博主（长沙） 知名校园博主
182,5734937611,北美顾问,1,1,海外资讯博主（美国）
183,5734938853,吃吃喝喝玩遍北美,1,1,微博旅游达人
184,1401512592,陈拥军,1,1,互联网资讯博主 头条文章作者
185,1741619622,华尔街多媒体,0,2,华尔街多媒体官方微博
186,6681484819,用户6681484819,2,0,
187,3939417761,汉中市检察院,0,2,陕西省汉中市人民检察院官方微博
188,5182805750,陕西检察,0,2,陕西省人民检察院官方微博
189,5198952608,通州检察,0,2,北京市通州区人民检察院官方微博
190,6367707600,害羞的-熊,1,0,
191,2948052130,彭州检察,0,2,彭州市人民检察院官方微博
192,6653292816,每日野兽DailyBeast_,1,0,
193,5579353678,黄骅司法,0,2,河北省黄骅市司法局官方微博
194,1640559872,梦幻之花2011,2,0,
195,5133205308,石立方数码,1,0,
196,6394793007,上海爆料君,1,1,本地资讯博主（上海）
197,5979428867,吃喝玩乐在郑州,2,1,美食博主 头条文章作者
198,2606568840,广州交通,0,2,广州市交通委员会官方微博
199,6434386444,dongzi6434386444,1,0,
200,5767320597,庆灬东,1,0,
201,1737508930,大个减肥,1,0,
202,6630530911,用户6630530911,1,0,
203,2611745643,安定公安,0,2,甘肃省定西市安定公安分局官方微博
204,2746101337,叶钱江,1,0,
205,1864419143,微博科技,0,2,微博科技官方微博
206,6620037463,快乐喷泉小圆,1,0,
207,5426435366,只怪我太撩人,1,0,
208,2913361855,匿名用户yao,1,0,
209,6312994726,阿漮,1,0,
210,3003665760,1018陕广新闻,0,2,陕西广播电视台都市广播 陕广新闻官方微博
211,5582931309,河北新闻联播,0,2,河北电视台《河北新闻联播》官方微博
212,5244349500,济宁检察,0,2,山东省济宁市人民检察院官方微博
213,6364517545,知河北,0,2,河北广播电视台融媒体新闻中心
214,3624248184,陕西网,0,2,陕西网（www.ishaanxi.com）官方微博
215,5904374462,故心电影,1,1,知名电影博主
216,2013174105,微博河北,0,2,河北外宣官方微博
217,3280321767,语墨老师讲面试,2,1,西安时代顾邦教育科技有限公司 资深面试辅导专家 教育博主
218,5490667576,济宁任城检察,0,2,山东省济宁市任城区人民检察院官方微博
219,2010810587,优雅De活着,1,0,
220,2419644325,对酒当歌武道馆,2,0,
221,2759811034,美亚智库,0,2,美亚舆情网 myyq.com.cn官方微博
222,5481776674,嘉友悦,1,0,
223,5882346677,通辽观察,0,2,内蒙古通辽市互联网信息办公室官方微博
224,6175121035,居于山林中,2,0,
225,2698146894,河北发布,0,2,河北省人民政府新闻办公室官方微博
226,6192558525,毛头麻麻也是少女啊,2,1,知名母婴育儿博主 育儿视频自媒体
227,3273346160,行云破风流水,2,0,
228,1132428807,四川工人日报,0,2,四川工人日报官方微博
229,6679776096,杨名惠999,1,0,
230,5658026095,乌鲁木齐网警巡查执法,0,2,乌鲁木齐市公安局网络安全保卫支队
231,3305819203,BJTV图说宝鸡,0,2,宝鸡电视台《图说宝鸡》栏目官方微博
232,2647088650,石家庄本地资讯博主,1,1,本地资讯博主（石家庄） 视频自媒体
233,5742365869,辽阳市城郊地区检察院,0,2,辽宁省辽阳市城郊地区人民检察院官方微博
234,3215153127,人民网安徽频道,0,2,人民网安徽频道法人微博
235,5140591723,内江共青团,0,2,共青团内江市委官方微博
236,1462941271,石家庄的老李,1,1,知名本地博主 本地资讯博主（石家庄） 资讯视频自媒体
237,1830863612,顺风车刘坤明,1,0,
238,6103470358,用户6103470358,1,0,
239,3840768703,工人日报,0,2,《工人日报》法人微博
240,5644804039,汽车行业报告,0,2,合肥驭鹰汽车服务有限公司
241,1770165364,FM974珠江经济台,0,2,珠江经济电台FM97.4官方微博、声动中国最受欢迎电台
242,1752883611,北国网,0,2,北国网官方微博
243,1809436135,咪咕视频,0,2,咪咕视讯科技有限公司
244,1750353854,陕西交通广播,0,2,陕西交通广播官方微博
245,5742622402,搞笑冬瓜,1,1,搞笑幽默博主
246,2308312874,逗比的日常,1,1,知名搞笑幽默博主 微博搞笑幽默帐号 搞笑视频自媒体
247,5178076089,-海绵dengda-,1,0,
248,3494054505,崇州检察,0,2,成都市崇州市人民检察院官方微博
249,5048927723,AKB48西本雪穗,1,0,
250,6206765617,小潜哦,1,0,
251,2022364304,浔阳晚报,0,2,九江日报社《浔阳晚报》官方微博
252,5919819731,三明网警巡查执法,0,2,三明网警巡查执法官方微博
253,3824781711,营山检察,0,2,四川省南充市营山县人民检察院官方微博
254,1668299323,小康杂志社,0,2,小康杂志社官方微博
255,2208446650,新浪重庆,0,2,新浪重庆站官方微博，新浪看点重庆站官方微博
256,1420157965,重庆晨报,0,2,重庆第一都市报重庆晨报官方微博
257,1700582867,四川手机报,0,2,四川手机报官方微博
258,1097019341,安徽交通广播,0,2,安徽交通广播fm908官方微博
259,3227976042,莱瑞拉不说话,2,0,
260,1684452940,新浪广东,0,2,新浪广东官方微博，新浪看点广东站官方微博
261,2563012701,小白会化妆,1,0,
262,1732802301,河南交通广播,0,2,河南交通广播官方微博
263,1201354652,胡晃,1,1,知名财经博主 头条文章作者
264,1680685707,云财经,0,2,云财经网 www.yuncaijing.com 官方微博
265,1751714412,新安晚报,0,2,新安晚报官方微博
266,6541495668,林中的君,1,0,
267,5484515940,踏雪20904,1,0,
268,1371189827,菏泽牡丹区法院,0,2,山东省菏泽市牡丹区人民法院官方微博
269,5133469598,万源检察,0,2,四川省万源市人民检察院官方微博
270,2514211585,河北旅游TV,0,2,河北广播电视台公共频道官方微博，即河北旅游TV
271,2686124961,Merlol,2,0,
272,2721923134,苏州网警巡查执法,0,2,苏州市公安局网络安全保卫支队
273,1455026974,区势传媒,0,2,区势传媒官方微博
274,3889809204,清风普法,0,2,河北省邢台市桥东区司法局官方微博
275,5758385229,全球猎奇视频,2,1,搞笑视频自媒体
276,1397964950,冯饿摩斯,2,0,
277,2076255252,931郑州经济广播,0,2,郑州人民广播电台FM93.1郑州经济广播官方微博
278,2443805115,郑州中院,0,2,郑州市中级人民法院官方微博
279,1708271095,世界经理人网站,0,2,世界经理人网站官方微博
280,3268047813,人民法院报,0,2,《人民法院报》微博
281,6377960102,一家不愿意透露名字的化妆品公司,2,0,
282,2499802124,石家庄微博荟萃,1,1,本地资讯博主（石家庄） 头条文章作者
283,2921167702,你不知道的庄里事儿,1,1,知名本地博主 本地资讯博主（石家庄） 资讯视频自媒体
284,1743738382,法帮网,0,2,法帮网官方微博
285,5104880035,科普中国,0,2,中国科协官方微博
286,6531140823,用户6531140823,2,0,
287,1760586325,一刻talks,0,2,一刻talks官方媒体
288,1644307977,凤凰网大风号,0,2,凤凰网旗下自媒体平台官方微博
289,1305440407,沈在河,1,1,互联网资讯博主
290,1699540307,中国之声,0,2,中央人民广播电台新闻综合频率、声动中国年度最佳电台
291,1834783273,河南卫视,0,2,河南卫视官方微博
292,6139279009,想不出名字的小怪物,1,0,
293,2032142591,月老在深圳,2,1,本地资讯博主（深圳）
294,2167406082,小强热线-浙江教科,0,2,浙江电视台教育科技频道《小强热线》栏目官方微博
295,6652063829,用户6652063829,1,0,
296,1749990115,北京青年报,0,2,北京青年报官方微博
297,2799648372,唐山头条,1,1,知名本地博主 本地资讯博主（唐山）高级摄影师
298,1684836114,育婴课堂,2,1,新浪育儿专栏作者
299,1362099793,Oo_刘萌萌,1,0,
300,3560474441,金牛检察,0,2,成都市金牛区检察院官方微博
301,3701357821,哈尔滨市妇女联合会,0,2,黑龙江省哈尔滨市妇女联合会官方微博
302,1551184282,书法家何氏璧,1,1,天津市南开区氏璧字画商行总经理 头条文章作者
303,5919503347,安康网警巡查执法,0,2,安康网警巡查执法官方微博
304,6659701977,郑州大帝科技有限公司,0,2,郑州大帝科技有限公司
305,3123578381,_Sophia女神经,2,0,
306,3922662733,长裕弘盛金属制品有限公司,0,2,佛山市长裕弘盛金属制品有限公司
307,6139992714,戴警徽的流浪鸽,1,1,宜宾市公安局南溪区分局 民警 头条文章作者
308,6018646757,颜俊律师,1,1,知名法律博主 头条文章作者
309,6668384362,南风小华,1,0,
310,1885456621,文慧不是法号,2,0,
311,2683592961,被子哥哥哥,1,0,
312,5534410822,向四岁,2,0,
313,5777532640,外科住院总王医生,2,1,山东大学齐鲁医院外科医生 健康博主
314,3923961315,吊意思不得,2,0,
315,3914753652,大希Wang,2,1,前 汽车洋葱圈 运营主管（葱妹）
316,1711530911,济南时报,0,2,《济南时报》官方微博
317,6547919087,厘艾安森,2,0,
318,5856382784,忽忽鲲混混,1,0,
319,5885026747,吉林反邪教,0,2,吉林省反邪教宣传教育中心官方微博
320,2961985530,孤星峰云,1,0,
321,1807058715,辽视说天下,0,2,辽宁卫视《说天下》栏目官方微博
322,2049413844,杭州电视台生活频道,0,2,杭州电视台生活频道官方微博
323,1824712397,中国经济导报瞭望中国网,0,2,国家发改委中国经济导报-瞭望中国（新闻）网
324,6539334091,刘二君君君君,2,0,
325,1669966863,凄凄切切复往昔,2,0,
326,2841292811,金川咨询,0,2,大连金川财务顾问有限责任公司
327,2403416501,江户川柯南冲鸭,2,0,
328,6597955581,凹凸个性教育兰州分校,0,2,凹凸个性教育兰州分校官方微博
329,3014155913,名牌出气筒,1,0,
330,5860460867,夏炫羽,1,1,情感博主 头条文章作者
331,6045753986,一卦一生活,2,0,
332,1988645095,北京商报,0,2,北京商报官方微博
333,3960037780,微热点,0,2,新浪网微热点应用官方微博
334,5617775353,全球拍视频,0,2,分分钟了解世界
335,5238240104,中捷司法,0,2,河北省沧州渤海新区中捷产业园区司法局官方微博
336,6445421578,武汉职场,2,1,微博本地资讯博主 （武汉）
337,2757429615,托起沉重的翅膀,1,0,
338,6662514440,用户5314199221,1,0,
339,6305667771,aniboy大飞,1,0,
340,2801519865,郑州网警巡查执法,0,2,郑州市公安局公共信息网络安全监察支队
341,1738004582,燕赵都市报,0,2,燕赵都市报官方微博
342,6494029587,赛力扬旗舰号,0,2,赛力扬公司官方微博
343,5626748838,聊城人聊城事儿,1,1,本地资讯博主（聊城） 资讯视频自媒体
344,3276757454,徐州李Sir,1,1,本地资讯博主（徐州） 资讯视频自媒体
345,1738344643,帮女郎帮你忙AHTV,0,2,安徽电视台经济生活频道《帮女郎 帮你忙》栏目
346,2102195444,橘子有点涩,2,0,
347,2375456772,粤事情报站,2,1,微博广州同城大使 知名本地博主
348,6602068331,渝味重庆,1,1,本地资讯博主（重庆）
349,6542246970,川时空,1,0,
350,5663744237,河北经济日报官微,0,2,河北经济日报
351,5535703069,日照网警巡查执法,0,2,日照市公安局网络安全保卫支队
352,3198141792,龙泉驿大面,0,2,成都市龙泉驿区大面街道官方微博
353,6342498957,土豆土豆我是地瓜_12972,1,0,
354,1826590912,白衣仙子汤小圆,1,0,
355,2309731771,长沙头条,1,1,微博长沙同城大使 知名本地博主
356,3232818122,狮子_Leo_,1,0,
357,3203137375,四川观察,0,2,四川广播电视台新媒体
358,5885681957,酷狗视频,1,0,
359,5726096407,东方头条,0,2,东方网旗下东方头条新闻
360,5541197393,章丘检察,0,2,山东省章丘市人民检察院官方微博
361,1638782947,新浪财经,0,2,新浪财经官方微博
362,5496571663,花山检察,0,2,安徽省马鞍山市花山区人民检察院官方微博
363,6283590288,嗯呢梨,2,0,
364,1887790981,广州日报,0,2,《广州日报》官方微博
365,1752549400,全景网,0,2,全景网 官方微博 http://www.p5w.net/
366,5712132306,张家界网警巡查执法,0,2,张家界网警巡查执法官方微博
367,1807715644,段郎说事,1,1,九江市公安局民警段兴焱 微博签约自媒体
368,1840309643,孜孜细细小田律,2,0,
369,1612924654,hey軒Sir,1,0,
370,1644114654,新京报,0,2,新京报官方微博
371,1700720163,钱江晚报,0,2,钱江晚报官方微博
372,5307552992,德林社,0,2,《德林社》财经脱口秀官方微博
373,3496311881,淡忘那回M,2,0,
374,1958345371,株洲发布,0,2,中共株洲市委宣传部官方微博
375,6072754125,深圳本地君,1,1,本地资讯博主（深圳）
376,5289627079,幽幽村,2,0,
377,5408041126,看见你就骀荡,2,0,
378,5269067413,爱打响指的紫薯精丶,1,0,
379,3433492052,怪兽说,1,1,互联网资讯博主 资讯视频自媒体
380,3828361838,我说我叫王嘉嘉,2,0,
381,1824364931,Qikio王大七,2,0,
382,5863496684,Weirdo_XCX,1,0,
383,5896945763,潼南检察,0,2,重庆市潼南区人民检察院官方微博
384,2410421723,陈淼歆,2,0,
385,1214199295,黄胜友,1,1,黄胜友  青联委员 中国民俗摄影协会会员 知名军事博主 头条文章作者
386,5909167185,四川反邪教,0,2,四川反邪教官方微博
387,5104205346,小-样杨,1,1,四川苍溪经济开发区管理委员会党政办公室志愿者
388,5618386486,草莓舌头janes,2,0,
389,1658388624,新浪福建,0,2,新浪福建官方微博，新浪看点福建站官方微博
390,1700648435,成都商报,0,2,成都商报官方微博
391,2606218210,中国妇女报,0,2,《中国妇女报》是全国妇联机关报
392,5942904652,贵州反邪教,0,2,贵州省反邪教协会
393,5640517921,居居没有饭吃了,2,0,
394,1995798884,山野村夫面朝大海,2,0,
395,1780021887,Police王,1,1,遂宁市交警支队直属一大队二中队长王中明
396,3142846247,浙江团省委,0,2,共青团浙江省委员会官方微博
397,6642484146,职在今朝,1,1,职场博主 商江湖超话小主持人 教育视频自媒体
398,6199903936,小恶心1980,1,0,
399,2963703682,陕北新闻哥,1,1,市场信息报社编辑 互联网资讯博主 头条文章作者
400,3155004244,试管婴儿助孕中心蔡政锜,1,1,试管婴儿超话主持人
401,3703712265,闽南阿祥哥,1,0,
402,2691802103,河北新资讯,1,0,
403,1887344341,观察者网,0,2,观察者网(www.guancha.cn)官方微博
404,2312806045,我妈让我换个id,2,0,
405,5138974330,Aerlli木木,2,0,
406,5750535683,清淮池渊渺,2,0,
407,5789474282,逸马安飞01563,1,0,
408,5317491229,五月传说555,1,0,
409,5028631337,乳酸菌面包,1,0,
410,1689227930,hu佳佳佳琪,2,0,
411,1883782562,我的阿喵,1,0,
412,1963235435,落英滴露,2,0,
413,6592412921,张许净687,2,0,
414,6579194761,开州政法,0,2,中共重庆市开州区委政法委员会官方微博
415,5892406789,嘻嘻大马猴-,2,0,
416,6573411960,深圳莱米网络科技,2,0,
417,1401314247,晓晓的笔,1,0,
418,3991757210,今日公益头条,0,2,中国公益新闻官微
419,1865837655,聪明白小痴,1,0,
420,6685926188,用户6685926188,1,0,
421,2449958455,最后的时光里,2,0,
422,2086204095,田强环保一田卫强,1,1,上海田强环保科技股份有限公司总经理
423,5976457268,火之鸟999,1,0,
424,2467712343,新闻每天315,0,2,苗建信息每日315提供国内外传统及社交媒体监测分析评估服务
425,6294203412,Snail-张,1,0,
426,3508880381,婺源龙游天下户外俱乐部,1,0,
427,2631009227,1970张江萍,2,0,
428,1324409423,阿铭2005,1,0,
429,1738193437,为爱发航,1,0,
430,3056139395,韩星主流动次动次,2,0,
431,6617705294,一焙子2018,1,0,
432,1883184762,每日商报,0,2,每日商报官方微博
433,5384479977,股海东方不败,1,1,微博股评师 微博签约自媒体
434,3098091807,乾坤vvv,1,0,
435,6587437343,白雪流星,2,0,
436,1642634100,新浪科技,0,2,新浪科技官方微博
437,2458565150,电商头条,0,2,电商头条自媒体微博
438,6444870625,还我公道2018,2,0,
439,1824655411,kanggd123,1,0,
440,1653117200,海狸房和家,1,1,房产博主 头条文章作者
441,5279601461,CGD·黄涛,1,1,Asxy销售经理
442,6371174442,我就是北城,1,0,
443,5056340894,琴岛学院学生会,0,2,青岛理工大学琴岛学院学生会官方微博
444,5878888860,嗷一声超凶的丶,2,0,
445,2517950371,新浪海南,0,2,新浪海南官方微博，新浪看点海南站官方微博
446,3933338186,赛立信市场研究,0,2,广州市赛立信市场研究有限公司
447,3261092917,岁月只是如梦中,1,0,
448,3120845115,安徽日报,0,2,《安徽日报》法人微博
449,2188202475,南京晨报,0,2,南京晨报官方微博
450,1726276573,投中网,0,2,投中信息官方微博
451,6002234180,正义法制网,1,0,
452,3876521600,廊坊广播电视台,0,2,廊坊广播电视台官方微博
453,2611745583,敦煌公安,0,2,甘肃酒泉敦煌市公安局官方微博
454,1909829032,温州日报瓯网,0,2,温州日报瓯网 新浪微博社区委员会专家成员
455,3341727430,鄂州网警巡查执法,0,2,湖北省鄂州市公安局网安支队官方微博
456,6301604975,强luckiest,1,0,
457,1785142351,秦皇岛大户,1,0,
458,5387718832,一箫曲哑,1,0,
459,1922214993,大灰狼郁金香,1,1,新农民网 总编辑、艺术总监 知名人文艺术博主 头条文章作者
460,2628594251,共青团全南县委,0,2,江西省赣州市全南县团委官方微博
461,2345597047,中国小康网,1,0,
462,5816442436,湖北反邪教,0,2,湖北省反邪教协会
463,2376534624,美东侨报,0,2,美国《侨报》官方微博
464,6579033207,乌兰浩特政法,0,2,中国共产党乌兰浩特市委员会政法委员会官方微博
465,6498374786,极救侠,0,2,湖北高德急救防护用品有限公司官方微博
466,2094440300,铁岭网警巡查执法,0,2,铁岭市公安局网络安全保卫支队
467,1109546981,来林娟律师,2,1,浙江浙联律师事务所律师  来林娟
468,5943595658,微辣Video,0,2,更好看的视频新闻资讯
469,3503369381,南洋视界,0,2,新加坡南洋視界網官方微博
470,5873977012,铭宇Lcey,1,0,
471,5993531560,中新经纬,0,2,中新经纬官方微博
472,2009113272,浙江在线,0,2,浙江在线官方微博
473,3584767717,狗带改不了吃蛋,1,0,
474,2156372723,菏泽中院,0,2,山东省菏泽市中级人民法院官方微博
475,2686283723,文明萧县,0,2,安徽省萧县文明办官方微博
476,1964054151,周口同城会,0,2,周口同城会官方微博 微博区域新媒体（周口）站
477,6493071503,郭梦婷259695,1,0,
478,1249675013,这个欧尼,2,0,
479,1893892941,北京日报客户端,0,2,《北京日报》官方微博
480,2342024544,ETtoday新聞雲,0,2,ETtoday新闻云官方微博
481,2475191397,南宁学生圈,2,1,知名本地博主 校园资讯博主（南宁）
482,1787524085,无锡同城会,0,2,无锡同城会官方微博
483,2817997422,泸州市人民广播电台,0,2,泸州人民广播电台官方微博
484,5822812020,广视频,0,2,广州日报视频官方微博
485,5336244874,佐罗防身喷雾,0,2,北京中伊洛科技有限公司
486,1936447173,陶虹升,1,1,深圳虹尔供应链有限公司总经理陶虹升
487,1663073073,天府早报,0,2,天府早报官博
488,5564757928,5加素食能量餐创始人,2,1,sxo燕窝胶原酵素果冻超话主持人
489,5833351596,-陈孟-,1,0,
490,1317758092,蜜漾芳华徐亚锋,1,1,蜜漾芳华品牌 创始人
491,1796087453,江苏网络电视台,0,2,江苏网络电视台官方微博
492,1750553234,信息时报,0,2,信息时报官方微博
493,1929638045,现代金报,0,2,现代金报法人微博
494,1912016691,河北经济广播,0,2,河北经济广播官方微博
495,2030806735,北方新报,0,2,《北方新报》官方微博
496,2785719764,婺城检察,0,2,浙江省金华市婺城区人民检察院官方微博
497,2103654790,瞳景直播,0,2,厦门瞳景智能科技有限公司
498,1914344060,青岛电视台今日,0,2,青岛电视台《今日》栏目官方微博
499,5618612846,酒泉网警巡查执法,0,2,酒泉市公安局网络安全保卫支队
500,5221222941,广安播报,0,2,四川省广安市互联网信息办公室官方微博
501,2092372651,河北生活广播,0,2,河北电台生活广播
502,1910019822,8099999,0,2,昆明电视台K6春城频道官方微博
503,6037610716,福州微播报,1,1,资讯视频自媒体
504,2587896052,江苏卫视新闻眼,0,2,江苏卫视《新闻眼》官方微博
505,2793242114,江苏省妇联,0,2,江苏省妇女联合会官方微博
506,5733598643,中新社河北分社,0,2,中国新闻社河北分社官方微博
507,1639389837,风雅白云,1,0,
508,2495151820,小夏哥哥186,1,0,
509,1623340585,河北日报,0,2,河北日报官方微博
510,6412020238,DX39066379,2,0,
511,1890367312,飞人嗖嗖要去旅行,1,1,美食博主
512,2193796515,桔色往事,1,0,
513,1649173367,每日经济新闻,0,2,《每日经济新闻》官方微博
514,6416108322,今日成都人,2,1,本地资讯博主（成都）
515,2718644634,福建台新闻频道,0,2,福建新闻频道官方微博
516,1679621477,旅行人小五,2,1,旅行视频自媒体
517,5451027979,李喵娘,2,0,
518,1077089561,bennylee,1,0,
519,1903041772,HTV新闻60分,0,2,杭州电视台《新闻60分》官方微博
520,6649299251,影爆传媒,2,0,
521,2458371534,记者谈春平,1,1,媒体人（太原） 市场信息报记者谈春平
522,2067235995,巫鸢鸢,2,0,
523,6085754710,用户6085754710,2,0,
524,2214870574,与你淡似水便千杯不醉_,2,0,
525,5703717217,周玲juice玲,2,0,
526,3816699409,昆明发布,0,2,云南省昆明党务政务信息公开平台官方微博
527,2095171942,萧山广播电视台,0,2,萧山广播电视台
528,2141111260,上海夜店订位咨询,2,0,
529,1656831930,环球资讯广播,0,2,环球资讯广播官方微博、声动中国最受欢迎电台
530,2062571151,福建省旅游发展委员会,0,2,福建省旅游发展委员会
531,1642471052,TechWeb,0,2,TechWeb官方微博
532,1667821284,昆明信息港,0,2,昆明信息港官方微博
533,6502279483,蓝色格子衫_,2,0,
534,3266943013,央视网,0,2,央视国际网络有限公司
535,6650756855,上海茸城整形美容欧莱美,2,0,
536,1528028911,东风缓送,1,0,
537,6302351217,河洛黄生,1,0,
538,5618099173,新临沂,1,0,
539,2236817715,楼夹摩,1,1,知名搞笑幽默博主 微博签约自媒体
540,2140585607,天涯社区,0,2,天涯社区官方微博
541,1717696667,珠江时报,0,2,珠江时报官方微博
542,1918769325,周阿立_,2,1,书评人
543,1992613670,凤凰新闻客户端,0,2,凤凰新闻客户端官方微博
544,2810373291,新华网,0,2,新华网法人微博
545,3172302792,星沙时报官方微博,0,2,《星沙时报》是由长沙晚报报业集团主管主办，打造的全新媒体。
546,5146941699,洪雅公安,0,2,四川省眉山市洪雅县公安局官方微博
547,2908379311,花梨Yun,2,0,
548,2388122400,青川青年,0,2,广元市青川团县委官方微博
549,3716707511,凤凰网海南,0,2,凤凰网海南官方微博
550,5505600653,刺猬体验,0,2,深圳刺猬教育科技有限公司
551,2000016880,楚天交通广播,0,2,楚天交通广播官方微博
552,6620644018,东方的声音,1,0,
553,6049488906,安阳学院职业教育学院,0,2,安阳学院职业教育学院官方微博
554,5349334661,凉山交警,0,2,四川省凉山彝族自治州公安局交通警察支队官方微博
555,1974576991,环球时报,0,2,《环球时报》微博
556,1931238691,青岛交通广播FM897,0,2,青岛交通广播FM897官方微博
557,5310946855,纯良大丽,2,0,
558,1836589205,临沂地方微博,2,1,本地资讯博主（临沂）
559,1967926223,FM1031济南交通广播,0,2,济南交通广播官方微博
560,5941863404,山的那一边是什么,1,0,
561,1646051850,北京晨报,0,2,《北京晨报》官方微博
562,5539463701,倒叙虚空,1,0,
563,1604159432,新京报评论,0,2,新京报评论 官方微博
564,5140353001,人民公安报,0,2,公安部机关报
565,6588228582,期货蓝LS神,1,1,财经博主 蓝神期货超话主持人 头条文章作者
566,2286309860,珠海国家高新区,0,2,珠海高新技术产业开发区官方微博
567,2759348142,武汉发布,0,2,武汉市互联网信息办公室
568,2380198517,盐城攻略,2,1,本地资讯博主（盐城）
569,6518371095,齐鲁新闻视角,1,1,南京生日秀超话小主持人
570,1936090780,南县公安局,0,2,湖南省益阳市南县公安局
571,1224921712,1224921712_118,1,0,
572,2285386644,白菜价环球旅行JourneyCA,1,0,
573,3189328641,xy心-Johann,2,0,
574,1847150477,123heartbeats,2,0,
575,2108118305,北部湾在线,0,2,广西人民广播电台官方网站【北部湾在线新媒体】官方微博
576,1280149673,财界网,0,2,（中国财经金融门户）财界网www.17ok.com官方微博
577,2493037910,他们在干吗,1,0,
578,2164950081,讲师王子宁,1,0,
579,5165305099,楊天魄,1,0,
580,2861017352,射洪发布,0,2,四川省射洪县新闻中心官方微博
581,1918144881,菠萝香蕉橘子水,1,0,
582,1249520565,华图徐书环,2,1,河北华图 数量关系与资料分析讲师
583,2631322873,阳光主播曼曼,2,1,广东东莞电台《儿童123》、《市民热线》节目主持人孙曼曼
584,5912029785,士峰律师工作室,1,0,
585,5686337031,47谢谢侬,1,0,
586,3786353850,中国物流产业网,0,2,物流产业网www.z56c.com官方微博
587,2005930361,悠哥一客,1,0,
588,1672525895,鞭牛士,0,2,报道区块链，记录新未来www.bianews.com
589,5175656423,重庆的士报,1,0,
590,5445620673,我在你安3,1,0,
591,5730862495,谷登科技有限公司,0,2,深圳谷登科技有限公司
592,3225990675,京城出租车,1,0,
593,3828817951,新会新闻,0,2,新会电视台《新会新闻》官方微博
594,1845072722,鲍启豪,1,1,亞太第一衛視 副台長
595,1315591982,第一财经周刊,0,2,第一财经周刊官方微博
596,1426584470,企查查,0,2,苏州朗动网络科技有限公司
597,3516620660,哈尔滨广播电视台,0,2,哈尔滨广播电视台 官方微博
598,3057540037,人民日报海外版-海外网,0,2,人民日报海外版官方网站
599,3604378011,中国新闻社,0,2,中国新闻社法人微博
600,5724682270,66公里,0,2,济南智宸网络技术有限公司官方微博
601,5646473290,每日爱情信箱,2,0,
602,2175121335,廊坊日报廊坊传媒网,0,2,廊坊日报社官方微博
603,3949705932,民生经济网,0,2,四川兴相通科技有限责任公司
604,3379419232,法制日报河北记者站,0,2,法制日报社驻河北记者站
605,5822287301,大众生活报,0,2,大众生活报官方微博！
606,3883711126,沧州宝丰哈弗汽车4S店,0,2,沧州市宝丰汽车销售有限公司
607,3132560077,聚义汇,0,2,聚义汇官方微博
608,1895985975,家在宁波官网,0,2,家在宁波网官方微博
609,5822756404,屌飞的我们,1,0,
610,3301608420,文区里,1,0,
611,2684529221,中华汽车网校,0,2,二手车评估师_汽车维修工_汽车营销师黄埔军校www.chinaadec.com
612,3245458433,沈阳鑫兴网络科技有限公司,0,2,沈阳鑫兴网络科技有限公司
613,2057997640,艾利艾智库,0,2,北京艾利艾互联网科技股份有限公司
614,1232121710,山西晚报,0,2,山西晚报官方微博
615,5664313038,深圳在线网,1,0,
616,1665000315,强国论坛,0,2,强国论坛官方微博
617,1941807832,海南特区报,0,2,海南特区报官方微博
618,5722063828,爱虎网v,0,2,广州爱虎网络科技有限公司
619,1887259304,支点财经,0,2,支点财经官方微博
620,3659940762,江苏司法行政在线,0,2,江苏省司法厅官方微博
621,1368805177,辽视第一时间,0,2,辽宁卫视《第一时间》栏目官方微博
622,5802064722,宅女说科技,2,1,平阳县萌说社网络技术服务部主持人
623,3708524475,济南中院,0,2,山东省济南市中级人民法院官方微博
624,1409641392,FM1067私家车广播,0,2,淄博电台FM1067私家车广播
625,1569593923,海哥那点事,1,0,
626,2804035837,7777777qiaoer,2,1,国家二级运动员
627,2308963801,鞠怀英,1,0,
628,2966140707,影自长长,1,0,
629,1620795132,周圣宝1,1,1,微博vlog博主 汽车视频自媒体
630,5938546073,养了一年多的白菜让猪拱了,2,0,
631,5713640592,同人是你们爸爸哦,1,0,
632,5938257076,老娘不瘦不改微博名,2,1,情感博主
633,3170019413,张政o_O,1,0,
634,2845977837,512海宝,2,0,
635,3874246134,提辣米苏,2,0,
636,1685325513,盖雅工场,0,2,盖雅工场官方微博
637,5600088941,软软团子S,2,0,
638,3364101214,苍松翠柏南轩松,1,0,
639,2810213184,That_s_ok,2,0,
640,3805843845,SuperrBen,1,0,
641,3251701590,ZHm-EgIn,2,0,
642,6403498655,刘陌陌97,2,0,
643,2965603800,Annie小鱼儿,2,1,深圳市唯美优品会科技有限公司 电视企划正品全球代购部 经理
644,6012625463,被害李海涛的妻子,2,0,
645,6663098537,用户6663098537,1,0,
646,1678943394,福州头条,2,1,微博福州同城大使
647,5660345107,巫婆理发店2002,2,0,
648,6421111471,黑猫投诉,0,2,新浪黑猫消费者服务平台官方微博
649,6617703480,佛山米梵美发,1,0,
650,5068939028,桔子阿姨V,2,0,
651,2622976447,Shadywei丶MLG13,1,0,
652,3796952650,蜜桃味的少女瑶,2,0,
653,1891167250,无人如你那般,1,0,
654,5803757059,夕阳无限好啊啊,2,0,
655,5396375374,贵州省人民检察院,0,2,贵州省人民检察院新浪官方微博
656,1582382690,性辅导专家性治疗师-沈萤,2,0,
657,6669052740,图解哥er,1,0,
658,3387976782,吃胖自己最好,2,0,
659,2006925423,_喝汽水的小仙女_,2,0,
660,3891843386,一颗大白萝卜,2,0,
661,6034144289,娱乐百科段子手,1,0,
662,6086698966,久伴浪花白,1,1,搞笑视频自媒体
663,6475001203,王小五-松鼠财智,1,0,
664,1739871850,大头草妹,2,1,健康博主 健康达人 陕西省皮防所医院皮肤科医生
665,5122873111,Amaranth_Forever,1,0,
666,1684682753,平行时空的另一个我,1,0,
667,3143281200,土豆和白粿,2,0,
668,6253020665,马鞍山反邪教,0,2,安徽省马鞍山市政府防范和处理邪教问题办公室官方微博
669,6214590429,张浩楠_Charlie,1,0,
670,1862073125,王林草西,2,0,
671,2629263207,被寵壞的脾氣mh,2,0,
672,5657174577,陕西网警巡查执法,0,2,陕西省公安厅网络安全保卫总队
673,6084490346,依靳如琛,1,0,
674,6060132882,用户6060132882,1,0,
675,2646623792,JacksonMSS,2,0,
676,2680983653,five福軒-張敬軒,1,0,
677,6274717649,Toxicld,1,0,
678,5810553052,矢织真由美,2,0,
679,6566910972,小虫子虫小,1,0,
680,6060086452,煮一盘花生米,1,0,
681,5340427122,不愿透漏姓名的张大官人,1,0,
682,6584738448,FatCat121212,1,0,
683,2170425494,努力减肥的Sechskies小黄,2,1,美妆博主
684,6631380698,用户6631380698,1,0,
685,5730164975,婳儿i,2,0,
686,1678844014,李克Mac,1,1,资深媒体人，为来传播、车势传媒创始人李克 头条文章作者
687,3176280992,一个神奇的人类也,1,0,
688,5249248709,清子_河,2,0,
689,1558585891,施怀基,1,1,人气作家，代表作《丽江，今夜不再说爱情》
690,6134117070,用户6134117070,1,0,
691,6169738689,呵hdw,1,0,
692,3537268641,唯创视频工作室,0,2,淘宝魅色爱成人商城官方微博
693,2601054075,O2EH,2,1,美妆博主
694,5235741236,蝈蝈areil,2,0,
695,3180069360,兵团普法,0,2,新疆生产建设兵团普法依法治理领导小组办公室官方微博
696,2248836484,ADMIRE川弟,1,1,一力米灰品牌主理人
697,2717705092,湖北警官学院每日一拍,0,2,湖北警官学院每日一拍官方微博
698,6036364463,墨羽离殇哦,1,0,
699,6015283349,秋风不回家,1,0,
700,2834684793,JL--mi,2,0,
701,5358813130,神的姨,2,0,
702,3928547879,银河移民,0,2,深圳市银河世纪投资咨询有限公司
703,1411111864,陈永东,1,1,知名IT博客，新媒体创意与营销副教授、硕士生导师 微博签约自媒体
704,6613200800,盖维斯日化,0,2,常州图本特国际贸易有限公司官方微博
705,6538640670,yq橘九,2,0,
706,5733053570,辣么可爱辣么萌_27628,2,0,
707,5225172284,格韵YG,2,0,
708,6401773510,钩尖江湖官博,0,2,《钩尖江湖》栏目组 官方微博
709,3201166303,潇洒王者范儿,2,0,
710,5199708856,毛诗元贼啦惹人稀罕,1,1,娱乐博主
711,3688629601,麦基小哥,1,1,互联网资讯博主 微博故事原创作者 资讯视频自媒体
712,3780964460,秦淮司法,0,2,江苏省南京市秦淮区司法局官方微博
713,3567945127,泉州广播通联,1,0,
714,2436612074,马猴烧酒丶晓怪兽,1,1,动漫博主 动漫视频自媒体
715,1649469284,新浪四川,0,2,新浪四川官方微博，新浪看点四川站官方微博
716,1686546714,环球网,0,2,环球网微博
717,2649375114,武汉达人会,0,2,武汉达人会官方微博
718,1612706825,长春-小风,1,1,知名本地博主 本地资讯博主（长春） 资讯视频自媒体 微博签约自媒体
719,1909377960,第一新闻,0,2,陕西电视台第一新闻栏目官方微博
720,5342526544,鹿角和星星,2,0,
721,6591499503,柚bubble,2,0,
722,6573121916,走远了的狗尾巴草,1,0,
723,2503046355,jiao101118,2,0,
724,1735215455,沃野国际行政书士事务所,2,0,
725,1534663891,平谷土著_大桃儿,1,0,
726,1866129837,tygersun,1,1,大连海洋大学讲师，大连俊杰有限公司ceo孙谦
727,2616927567,如同阳光一样,2,0,
728,6085790453,猫忘了鱼儿,1,0,
729,6377597094,BullBitch_Fei,1,0,
730,2929570321,RIGHT1GET,2,0,
731,6065229313,王内内内内内ovo,2,0,
732,1227591484,Leo刘兴龙,1,1,南京贝因卡儿童用品有限公司总经理 母婴育儿博主
733,3167104052,SarahWei17,2,0,
734,1845875165,桐客,2,0,
735,6036652169,AmazingSocrates,1,0,
736,3844438104,真香失效,1,0,
737,3545201651,夏夕mm,2,0,
738,5663927028,玫瑰小鹿角,2,0,
739,1936948363,要成为更好的蒋小姐,2,0,
740,6055241694,海洋饼干876520748,1,0,
741,3899797726,萌萌逗逗哒,2,0,
742,1756769205,Jolin-King,2,0,
743,1632823550,CAN阳光,1,0,
744,2720301403,快捷金融服务,0,2,快捷金融服务为你带来在线借款、办卡等金融快捷服务！
745,3109983384,今天愉快的搬砖了吗,1,0,
746,5214585278,云漪嫣然_艾克斯家的百科娘,2,0,
747,3188621852,creekflow,2,0,
748,1640530235,sailors_yang,1,0,
749,1814255507,see谁呢,2,0,
750,6254278001,糖糖6134,1,0,
751,1887694017,柯基吴小物,2,0,
752,2201124453,水冰月代替月亮消灭你,2,0,
753,6441138594,冉华维律师,1,1,专职律师 知名法律博主
754,5789877534,这里是我的思维,1,0,
755,3128582810,Janet-Z小姐,2,0,
756,1882884434,YINYIN-CATS,2,1,萌宠博主 萌宠视频自媒体
757,2313169922,darling520Jay,2,0,
758,6494828224,先行科技菌1,2,0,
759,1709927180,等等我仲未上车,2,0,
760,5775032926,或许你喜欢可乐,2,0,
761,5144505498,含笑_有_白鹭,2,0,
762,1352279444,鲁余01,1,0,
763,1822541520,邱小洁,2,0,
764,5115587124,so豹纹绣花鞋,2,0,
765,1957054733,资深傻白甜_,2,0,
766,1714915730,烨未虹,2,0,
767,2009695911,大梨3,1,0,
768,2905451545,陳洪林同学,1,0,
769,5865859809,区块链逍遥子,1,1,知名互联网资讯博主 头条文章作者 微博签约自媒体
770,5766250655,羡羡的高阶凶尸,2,0,
771,1879592797,邱啊呜,2,0,
772,1786647577,林林很man,1,0,
773,2321525403,Young珉,2,0,
774,3194124290,jxldl1234,1,0,
775,2847243630,张萌萌站起来,2,0,
776,6407423567,社会新闻精选,1,1,视频自媒体
777,6708994629,用户6708994629,2,0,
778,6203799200,亲亲我吧53770,1,0,
779,6656059316,琴琴6656059316,2,0,
780,1505335832,fuzhenglu,1,0,
781,5640957697,我只是最瘦的胖子而已,1,0,
782,1267454277,凤凰周刊,0,2,凤凰周刊官方微博客
783,1351464251,心灵修炼者凌帅帅Kevin,1,1,中央广播电视大学软件测试员邵帅
784,6724402565,每日一说游,1,0,
785,1850142702,岭南之王,1,0,
786,1988800805,凤凰网财经,0,2,凤凰财经官方微博
787,3187055353,Mr-陈主,2,0,
788,2813325335,如朱古力丿小v_532,1,0,
789,5463794433,新京报动新闻,0,2,新京报动新闻官方微博
790,1879778060,武汉晚报,0,2,武汉晚报官方微博
791,1001591730,悠游蓝枫1001591730,1,0,
792,2316268360,延安青年,0,2,共青团延安市委员会官方微博
793,3210761251,勃利县检察院,0,2,黑龙江省七台河市勃利县人民检察院官方微博
794,2618638282,湖南日报,0,2,湖南日报官方微博
795,1456251235,院清秋,1,0,
796,1770943094,正版兰兮,1,0,
797,6654390466,天天在线APP-天天解忧,0,2,砥励传媒（北京）有限公司
798,2871272873,想破脑袋也想不出昵称的Olivia,1,0,
799,1249614637,李从玉_Jimmy,1,1,人民日报社人民论坛网副总编辑
800,1867190627,你不是说睡了吗c,1,0,
801,3309392770,凤凰网湖南,0,2,凤凰网湖南站官方微博
802,6367435496,兽群小蓝孩2026疯子,1,0,
803,5876812939,雪狼传说,1,0,
804,6282123857,LhLh无敌,1,0,
805,6294200734,睡甜,2,0,
806,3073801460,Cjizi_,2,0,
807,1701465685,跳进海里躲雨滴,1,1,互联网资讯博主
808,2377901074,南宁八中广播站,2,0,
809,5653016263,新浪交易,0,2,新浪财经多品种交易平台官方账号
810,6458556125,新视财经,2,0,
811,1723216063,佛山日报,0,2,佛山日报官方微博
812,5758019614,你笑起来的样子真好看呀y,1,0,
813,6049499536,炭烧Lin,2,0,
814,3265797025,衡水街边事儿,1,1,本地资讯博主（衡水） 衡水超话小主持人
815,2608703882,浦口发布,0,2,中共南京市浦口区委宣传部官方微博
816,3496995785,SuspectXin,2,0,
817,2831932670,凮清扬,1,0,
818,2754951891,关璟琦,2,0,
819,6353119393,淘钱网APP,0,2,杭州定期科技有限公司官方微博
820,6039178274,美妆美食达人熊猫大侠,2,0,
821,6523829758,史严富先生,1,1,头条文章作者
822,2106065932,冯侨V,1,1,布恩儿童摄影总经理
823,3218690934,公考面试官,1,1,教育博主 头条文章作者
824,5243732204,追风少年的日常,2,0,
825,1929322704,Superkandy的微博,1,1,大信会计师事务所（特殊普通合伙）贵州分所  会计师
826,5626904249,他有脚气,1,0,
827,1459279030,公考赵荣耀老师,1,1,前 湖北华政未来网络科技有限公司 讲师 头条文章作者
828,2091918430,Tim熊007,1,0,
829,3946462929,作家肖永乐,1,1,四川省广元市昭化区委宣传部副部长、区作协主席肖永乐
830,6563160680,南宁事姐,2,1,本地资讯博主 （南宁）
831,6180035996,G-F-P-Store,0,2,广州市新瀚吉文化传播有限公司
832,3179494930,西红柿配牛腩-,2,0,
833,6313989404,名洋a巧克力,1,0,
834,2049389352,新浪湖北,0,2,新浪湖北官方微博，新浪看点湖北站官方微博
835,2918372030,深圳东部高速交警,0,2,深圳交警东部高速公路大队官方微博
836,5657222206,鸡西网警巡查执法,0,2,鸡西市公安局网络安全保卫支队
837,2006640467,白羊座wanyu,2,0,
838,1838672663,华夏时报,0,2,华夏时报官方微博
839,6360411740,素哲正韵茶,0,2,江苏立美人茶业股份有限公司官方微博
840,1704819467,经济之声,0,2,中央人民广播电台经济之声
841,5870422666,啦啦啦好词好句即将来临了,2,0,
842,3361952722,遂川政法,0,2,中共遂川县委政法委员会官方微博
843,6154797197,JYT_will,1,0,
844,6645069422,影视之门,1,0,
845,1309970242,木森地,1,0,
846,1729736051,王于京,1,1,浙江民警   “随手转发让爱回家”微话题发起人
847,6360500159,太阳之子xbc,1,0,
848,2995923342,大村网,1,0,
849,1168722043,glm左岸-右转,1,0,
850,1905687615,网易科技频道,0,2,网易科技频道
851,1676454694,盘锦市公安局,0,2,辽宁省盘锦市公安局官方微博
852,2689361885,重庆检察五分院,0,2,重庆市人民检察院第五分院官方微博
853,3222112702,Wang茜茜小仙女,2,0,
854,2998931797,媒体人刘映,1,1,媒体人（晋中） 知名娱乐博主 中国娱乐新闻超话主持人 资讯视频自媒体
855,1502066827,复线爱国俱乐部,0,2,杭州复线文化传媒有限公司
856,1644729004,新浪河南,0,2,新浪河南网官方微博，新浪看点河南站官方微博
857,1747047910,mimino,2,0,
858,5659014895,长沙网警巡查执法,0,2,长沙市公安局网络安全保卫与技术侦察支队
859,2233019911,在路上fftt,2,0,
860,6570561005,CheeSeWky,1,0,
861,6363568704,MG_Kweichow,1,0,
862,3105895975,童鞋小明,1,0,
863,2784309834,老周瘪三,1,0,
864,3904508296,新城社会监督员,1,0,
865,1364711444,素馨未语,2,0,
866,6585349704,hdhduehehdhjs,1,0,
867,1629156211,七平的小村落,1,0,
868,5660761988,洛阳网警巡查执法,0,2,洛阳市公安局网络安全保卫支队
869,5089744232,暖城宁波,2,1,本地资讯博主（宁波）
870,3888319757,一个晕公交车的懒人,2,0,
871,1949671172,前瞻网,0,2,前瞻网www.qianzhan.com官方微博
872,5059529868,新浪深圳科技频道,0,2,新浪深圳科技官方微博
873,2235417155,阜阳好吃嘴,0,2,阜阳星报文化传媒有限公司
874,5611546538,厦门网警巡查执法,0,2,福建省厦门市公安局网络安全保卫支队
875,2687585513,小笨学跳舞,1,0,
876,1906806787,温州商报,0,2,温州商报官方微博
877,2354159892,汕头市政府应急办,0,2,汕头市政府应急管理办公室官方微博
878,3729531417,黄石网警巡查执法,0,2,黄石市公安局网安支队
879,1684187985,Achen没故事,2,0,
880,5160000408,C柠檬冰,2,0,
881,3007946340,鄱阳之窗,0,2,江西云智慧文化传媒有限公司
882,6572105155,play依瑶2018,2,0,
883,2029261485,豪世华邦,0,2,杭州华邦房地产代理有限公司
884,6691309839,用户6691309839,2,0,
885,6342287455,黑丶木丶耳丶,1,0,
886,1974561081,网易财经,0,2,网易财经官方微博
887,1669291355,冰冷若水,2,0,
888,6444833134,福建微导航,2,1,本地资讯博主（福州）
889,6142565086,长沙万花筒,1,1,本地资讯博主（长沙）
890,1163218074,余丰慧,1,1,经济金融专家；《互联网金融革命》作者 微博股评师 知名财经博主 微博签约自媒体
891,2311694415,新浪湖南,0,2,新浪湖南官方微博，新浪看点湖南站官方微博
892,2683426017,刑辩张金武,1,1,知名法律博主 刑辩律师 头条文章作者
893,5750344384,17岁的仙女婷,2,0,
894,2864179090,你是大魔王的海,2,0,
895,6623679020,夜雨璇玑,1,0,
896,6317970026,和合术和合法事成功一旭道长,1,0,
897,1221831247,旬阳月夜,1,0,
898,2790148561,椒江检察,0,2,浙江省台州市椒江区人民检察院官方微博
899,2006599107,珠江商报,0,2,《珠江商报》官方微博
900,5189668936,湖州市检察院,0,2,浙江省湖州市人民检察院官方微博
901,6591030121,有戏爹,1,0,
902,1765896480,民生周刊杂志,0,2,人民日报社《民生周刊》杂志法人微博
903,2338953662,热野美希子,2,0,
904,1708877153,都市报道,0,2,河南电视台《都市报道》官方微博
905,1823184085,美国侨报网,0,2,美国侨报网官方微博
906,2663751563,南京广播电视台,0,2,南京广播电视集团（台）官方微博
907,6446211954,成都晚报159号视频,0,2,成都晚报资讯短视频平台
908,2796200612,爱机人士,1,1,知名数码博主 数码视频自媒体
909,5316148325,英国报妹儿,2,1,揭阳市四季金电子商务技术顾问 互联网资讯博主
910,5678060239,52HZ的歌者,2,0,
911,5711775848,临澧公安,0,2,湖南省常德市临澧县公安局官方微博
912,2150762700,公选王教育,0,2,公选王教育
913,2426952957,福州今日热点,1,1,本地资讯博主（福州） 头条文章作者
914,1833489243,马奇勋律师,1,1,  北京新都律师事务所 主任 知名法律博主 头条文章作者
915,1977651517,音影星娱乐,0,2,沈阳朴归电子商务有限公司
916,1993275030,九江房天下,1,0,
917,5260721416,ForexClub福瑞斯国际金融集团,0,2,ForexClub福瑞斯国际金融集团官方微博
918,6638438880,北京福寿堂专科中医医院,1,0,
919,1735882701,深圳公安,0,2,深圳市公安局官方微博
920,1741801024,凤凰卫视欧洲台,0,2,凤凰卫视欧洲台官方微博
921,3599482060,雜食動物小日,2,0,
922,3008203810,小米料技,1,0,
923,3619225942,史嘉敏YOJO,2,0,
924,5703609951,归去還兮,2,0,
925,1898268644,长江直播,0,2,长江日报官方微博
926,1813025482,柳州新闻网,0,2,柳州新闻网官方微博
927,5700474422,直播莆田,2,1,本地资讯博主（莆田）
928,2804827393,新浪天津,0,2,新浪天津官方微博，新浪看点天津站官方微博
929,5055992526,Yoyo-小渔,2,0,
930,5104583467,遥远的她686,1,0,
931,5294796460,烟台市开发区人民检察院,0,2,山东省烟台市烟台经济技术开发区人民检察院官方微博
932,5397563013,法治当涂,0,2,安徽省马鞍山市当涂县法治宣传教育工作领导小组办公室官方微博
933,3215951873,千龙网中国首都网,0,2,千龙网·中国首都网法人微博
934,6314335664,芜湖反邪教,0,2,中共芜湖市委防范和处理邪教问题领导小组办公室官方微博
935,2282916563,shenxs88,1,0,
936,5050839866,莆田广播电视台,0,2,莆田市广播电视台官方微博
937,6464401646,诚信就有力量,1,0,
938,1723129462,江苏交通广播网,0,2,江苏交通广播网、声动中国最受欢迎电台
939,3551927775,抚州乐安发布,0,2,中共乐安县委宣传部
940,1830136671,南通日报,0,2,《南通日报》官方微博
941,2056394313,中国共青团网,0,2,中国共青团网官方微博
942,6505901464,潍坊高新检察,0,2,山东省潍坊高新技术产业开发区人民检察院官方微博
943,3207017840,烟台总攻略,1,1,本地资讯博主（烟台）
944,6110198800,用户6110198800,1,0,
945,5163091351,人生如梦易蹉跎jkl,1,0,
946,1804368110,湄潭头条,1,1,本地资讯博主（湄潭）#遵义#超级话题主持人 湄潭超话主持人 资讯视频自媒体
947,3562140913,IT学长,1,1,知名数码博主 头条文章作者 微博签约自媒体
948,1668928944,云南信息报,0,2,云南信息报官方微博
949,1910334613,富公子1982,1,1,大庆油田有限责任公司采油工程研究院 工程师
950,5852162080,河南省财经学校青年志愿者,1,0,
951,6178180804,医安咨询,0,2,北京医安信息咨询服务有限责任公司官方微博
952,3149484594,九江网警巡查执法,0,2,九江市公安局网络安全保卫支队官方微博
953,6555495934,李世兵动保志愿者,1,0,
954,1395622123,浙江经视,0,2,电视机构
955,2215792485,WoJiaoLao艾,1,0,
956,5394463902,你说你咋就不听话呢,2,0,
957,2841865641,li水波,1,0,
958,1988761181,交警刘亮辰,1,1,知名互联网资讯博主 知政观察团成员 资讯视频自媒体
959,5586919975,速曝,2,0,
960,6008650848,我来给你爱情吧-,1,0,
961,6544745493,莫事来嗑,1,1,知名财经博主 头条文章作者
962,3228667780,苏米亚_Sumia,2,0,
963,5680309469,祥翔文化,1,0,
964,3956635751,陇南司法,0,2,甘肃省陇南市司法局官方微博
965,2097826551,极品内涵姐,2,1,微博知名幽默搞笑帐号 知名搞笑幽默博主
966,2175975475,军统上校2175975475,1,0,
967,5687561605,性感小野猫金小宝,1,0,
968,5784823930,天府新生活,1,1,旅游博主
969,5101727732,岩雩小窗,1,0,
970,6596603209,中媒汇,0,2,《中媒汇》官方微博
971,2259661342,新浪江苏,0,2,新浪江苏官方微博，新浪看点江苏站官方微博
972,1752227874,ruinthecpu,2,0,
973,1973967044,海口日报,0,2,海口日报官方微博
974,1946116730,情歌未必押韵,1,0,
975,1936119834,河北长城网,0,2,长城网微博
976,6289279392,新知榜,0,2,国内首个知识付费课程评测机构
977,1898947601,日弥nimi沐爷,2,0,
978,3959927135,特缔思潜水陈镇钦,1,0,
979,5976260181,离亦非,1,0,
980,6320914790,亦冷学长,1,0,
981,5995941285,是Eternal呀,2,0,
982,5930299060,上海老中介,1,0,
983,2729758343,中公教育运城分公司,0,2,北京中公教育科技股份有限公司运城分公司
984,2032856153,数有所学,1,0,
985,2690256842,不为迩而做的歌,1,0,
986,2741390652,葫芦娃网络,0,2,浙江葫芦娃网络技术有限公司
987,2635159794,法治成都,0,2,成都市司法局官方微博
988,1282448044,自媒体刘旷,1,1,互联网资讯博主 海南三车网络科技有限公司董事长 头条文章作者
989,6004281123,梨视频,0,2,资讯短视频平台
990,3888833856,Dear张绍宏,1,1,中国幼儿教师职业技能大赛特等奖美术作品《隶书条屏》作者
991,2868676035,财联社APP,0,2,金融资讯服务商财联社www.CaiLianPress.com官方微博
992,2129116090,绍兴检察,0,2,浙江省绍兴市人民检察院官方微博
993,5848101371,谷港,1,0,
994,2120314972,海珠共青团,0,2,广州市海珠区共青团官方微博
995,6253610278,晴320415,2,0,
996,1736443940,太原人不知道的事儿,1,1,本地资讯博主（太原）
997,1908417784,遂昌快活林,1,1,浙江省遂昌金矿有限公司经济师，工程师 职业投资人 微博签约自媒体
998,6475693775,对佛法无边,1,0,
999,1906874803,锦绣青羊,0,2,成都市青羊区官方微博
1000,2620088113,大众网,0,2,山东重点新闻网站、大众网www.dzwww.com官方微博
1001,1657772112,魔杰座2018,1,0,
1002,1269589463,深圳人说深圳事,1,1,本地资讯博主（深圳） 资讯视频自媒体
1003,5539558550,济南市天桥区人民检察,0,2,山东省济南市天桥区人民检察院官方微博
1004,2418201593,新浪港股,0,2,新浪港股官方微博
1005,2599568763,市北检察,0,2,青岛市市北区人民检察院官方微博
1006,2115259662,南昌晚报,0,2,南昌晚报官方微博
1007,5575787906,DC_Eden,2,0,
1008,2241711832,蝶舞落英,2,0,
1009,2048669145,平安栾川,0,2,河南省洛阳市栾川县公安局
1010,3224273557,无锡24小时,1,1,本地资讯博主（无锡）
1011,5204024160,不孕不育专家王静,2,1,郑州长江不孕不育医院 主任 王静
1012,6573590682,用户6573590682,1,0,
1013,6039971843,WSXHMHCCX,1,0,
1014,5459628306,柯博先生CC,1,0,
1015,5889169279,青山独奏,1,0,
1016,2626047951,演员晓华,1,0,
1017,1111573253,太阳升起来吧V,1,0,
1018,6664788805,范鑫格,2,0,
1019,1495512735,法律图书馆,0,2,法律图书馆网
1020,1750344480,北京交通广播,0,2,北京交通广播官方微博
1021,2218032390,依法行政ABC,1,0,
1022,1571694581,仪仗刀客,1,0,
1023,2339636430,四川师范大学师大之声广播站SS,0,2,四川师范大学师大之声广播站（狮山校区）官方微博
1024,6592294805,_中润阳光_,0,2,中润阳光国际信息技术有限公司
1025,6535300583,比特币和区块链那些事,1,1,知名财经博主 区块链财经超话小主持人 头条文章作者
1026,6394903798,kiuydml王先生,1,0,
1027,1896343907,小泥NICK,1,1,上海侨报综合新闻部主任倪越人
1028,5594382792,JuneSun626,2,0,
1029,1782602860,朱氏有龙名曰沈巍,2,0,
1030,5889440099,江城拐点,1,1,黄金投资分析师 头条文章作者
1031,6478486051,陈鱼几点ya,2,0,
1032,6348443309,-秒速五厘米43729,2,0,
1033,1911887405,冲大叔eno,1,1,厦门黛蒙斯贸易有限公司 CEO、总经理 美女帅哥资讯博主
1034,1869888830,Chatsoon,2,0,
1035,5156022617,痴情遗忘的我,1,0,
1036,1856544034,小迷胡啊啊啊,2,0,
1037,3074767143,曾经亮剑,1,1,河北省秦皇岛市中级人民法院工作人员
1038,3648684994,一支火花,2,0,
1039,2319489162,医林天下事,2,1,健康博主
1040,2656524594,枳二,2,0,
1041,1490535381,云和影,1,0,
1042,2067634504,林香竹,2,0,
1043,5861402784,万万没想到吖,2,0,
1044,6376963049,白羊JoJo爸,1,0,
1045,3601399571,大联大,0,2,大联大商贸有限公司
1046,2126298691,阿伟Ks,1,0,
1047,5697399235,新闻娱乐分享圈,1,0,
1048,1929964123,北京天伦医院,0,2,北京天伦医院是一个以备孕、助孕、怀孕、生育为主的专科医院。
1049,1888715415,北京天伦医院-不孕不育,0,2,北京天伦医院（普通合伙）
1050,3255709385,o勿聒噪乱视听o,2,0,
1051,2604223607,A-郑岚,2,0,
1052,3151611640,宁波全智贤阿,2,0,
1053,5605427310,大雄老师面试申论老师,1,0,
1054,3549381923,丿丶紫枫的世界,1,0,
1055,1683239183,ayxsm,1,0,
1056,6332968260,A--clown0738,2,0,
1057,6656466459,妠叺睨鉽,1,0,
1058,2219041082,秦临宇,1,0,
1059,6262461406,刚哥哥之谈古论经,1,0,
1060,5529665079,小猪噜噜·,2,0,
1061,2411669680,小白财经官微,1,0,
1062,5896152478,贫民窟大仙女,2,0,
1063,6602155838,重运宝,0,2,广东重运宝科技有限公司
1064,2588370910,襄城法院,0,2,河南省许昌市襄城法院官方微博
1065,6542783861,隔壁邻居老阿姨,2,0,
1066,1642512402,中国新闻周刊,0,2,中国新闻周刊官方微博
1067,1043988533,嗳吃魚de熊,1,0,
1068,3928511449,交通发布,0,2,中国交通报微博
1069,6667067627,纹音517,1,0,
1070,6663880024,混合日报MixtureDaily,1,0,
1071,6393784605,风起于青萍之末止于草莽之间,2,0,
1072,6457442184,-村花_,2,1,知名情感博主
1073,3267794654,comingway,2,0,
1074,5833465239,临沂第一搞,2,1,本地资讯博主（临沂）
1075,5860114965,爱问医生,0,2,爱问医联官方微博账号
1076,2564146017,金凤交警一大队,0,2,宁夏银川市交警队金凤一大队
1077,3441480070,章扬听冫雨,2,0,
1078,2827420781,喝牛奶长大的,1,0,
1079,2391135893,新浪吉林,0,2,新浪吉林官方微博，新浪看点吉林站官方微博
1080,1928159762,金华网警巡查执法,0,2,金华市公安局网警支队
1081,6489746170,39度网,0,2,39度网官方微博
1082,3846487316,昆明盘龙发布,0,2,云南省昆明市盘龙区政府官方微博
1083,5122654941,临沂大小事,1,1,微博临沂同城大使
1084,2131593523,羊城晚报金羊网,0,2,羊城晚报金羊网官方微博
1085,5242835172,新浪深圳,0,2,新浪深圳官方帐号
1086,2462605080,商业周刊中文版,0,2,彭博商业周刊中文版官方微博
1087,5061072530,平安鹤城,0,2,湖南省怀化市公安局鹤城分局官方微博
1088,1389537561,都市时报,0,2,都市时报官方微博
1089,6496089984,漫慢man人生路,1,0,
1090,3723356440,酱香博物馆,1,0,
1091,6577966050,长安号官微,0,2,西安广播电视台长安号官方微博
1092,5969128415,保山检察院,0,2,云南省保山市人民检察院
1093,3558610520,新建检察,0,2,南昌市新建区人民检察院官方微博
1094,2178514797,军武季,1,1,知名军事博主 军事视频自媒体
1095,3570416315,在吹风的守卫狼,1,0,
1096,1663072851,中国日报,0,2,China Daily 中国日报官方微博
1097,3201725574,南京日报,0,2,《南京日报》官方微博
1098,6651957441,米滴然泡,2,0,
1099,5692766852,Dear-张小涛,1,1,知名体育博主 头条文章作者
1100,2132689515,我药你笑,1,1,知名健康博主 头条文章作者
1101,3103898980,非著名特警,1,1,全国十大公职人员微博 天津市公安局指挥部民警 知政观察团成员
1102,1747173625,郑州新闻广播,0,2,郑州电台新闻广播官方微博、声动中国最受欢迎电台
1103,2910315602,哈尔滨仲裁委,0,2,哈尔滨仲裁委员会官方微博
1104,3889737216,威海普法,0,2,威海市全民普法依法治理工作领导小组办公室官方微博
1105,1494759712,月光博客,1,1,知名IT独立博客作者 微博签约自媒体
1106,2610952981,三明中院,0,2,三明市中级人民法院官方微博
1107,2716593467,郑州日报,0,2,郑州日报官方微博
1108,1497761592,江苏消费网,2,0,
1109,5324217933,平安南开,0,2,天津市公安局南开分局官方微博
1110,3640021464,河南师范大学法学院团委,0,2,河南师范大学法学院团委官方微博
1111,2322584211,平安大邑,0,2,成都市大邑县公安局官方微博
1112,2480986253,MongBa,0,2,大连源易广告传媒有限公司
1113,5384087562,健康变身,2,0,
1114,1781826375,肉段波波七,2,0,
1115,5290903286,张恒煋盛-hxs,1,0,
1116,2150141481,苑苑苑苑苑苑哥,2,0,
1117,3915133889,是一只香叶吖,2,0,
1118,1969786527,Chen林琳,2,0,
1119,5132976109,平安蓟州,0,2,天津市公安局蓟州分局官方微博
1120,3573660553,刮什么台风,2,0,
1121,3562026331,青梅独煮酒,1,0,
1122,1882345215,纷纭里生春,1,0,
1123,5939159227,瞬间我就笑趴了,2,1,知名搞笑幽默博主
1124,5055998169,sx西部生活,1,1,人民日报记者
1125,2147368030,宋仕杰老师,1,0,
1126,1477625635,危机管理者,1,1,知名教育博主
1127,2863468674,吃饭是合理的,1,0,
1128,1828541551,特竝獨哘-潴,1,0,
1129,3592604984,文艺自媒体人,2,0,
1130,1844278121,秋扬多吉,1,0,
1131,2803792824,杨幂的喜欢者,1,1,知名情感博主
1132,6192521438,肉肉不只是爱吃肉,2,0,
1133,5587550046,蒙圈二师兄,1,1,搞笑幽默博主
1134,2107175784,公民郑胜辉,1,1,赢在中国杂志社社长 
1135,2118897584,毕节老街坊,1,1,本地资讯博主（毕节） 搞笑视频自媒体
1136,3879480731,丽江茗濮堂度假客栈,0,2,古城区茗濮堂客栈
1137,2113754194,昆明网警巡查执法,0,2,昆明市公安局网络安全保卫支队
1138,1228284605,麻咪麻咪吽麻麻吽,2,0,
1139,3167571163,记者杜利勇,1,1,媒体人（北京） 中国娱乐新闻超话主持人 资讯视频自媒体
1140,6282874955,函LeoMessiFan,1,1,体育博主 体育视频自媒体
1141,6607637589,静神静悟,2,0,
1142,6618141185,菜鸟练车-菜鸟是一种生活态度,0,2,菜鸟练车官方微博
1143,5193731648,宝鸡检察,0,2,陕西省宝鸡市人民检察院官方微博
1144,5846061083,用户5846061083,1,0,
1145,1908515682,深圳都市报-地铁早8点,0,2,《深圳都市报》官方微博
1146,2938872751,Demon小妖是个妖精啊,2,0,
1147,3964195632,世界神奇视频,1,1,知名美女帅哥资讯博主 视频自媒体
1148,1726918143,中国青年报,0,2,中国青年报•中青在线微博
1149,1899950161,南国早报,0,2,南国早报、南国早报网官方微博
1150,2815224714,福建广播电视新闻中心,0,2,福建广播电视新闻中心  官方微博
1151,5732693847,大祥公安,0,2,湖南省邵阳市公安局大祥分局官方微博
1152,6105713761,红星新闻,0,2,成都传媒集团成都商报红星新闻 原创新闻类新媒体项目
1153,5236442064,翠屏青年,0,2,四川省宜宾市翠屏区团委官方微博
1154,1419127302,隔着时差看足球,1,0,
1155,2282785973,算命玄士,1,1,知名星座命理博主
1156,5697818949,草莓味的烟,2,0,
1157,3128794917,凤凰网浙江频道,0,2,浙江凤凰联合文化传媒有限公司
1158,1670738351,楚天音乐广播,0,2,楚天音乐广播电台官方微博
1159,5375145554,池州检察,0,2,安徽省池州市人民检察院官方微博
1160,5273316244,亮剑长安街,2,0,
1161,6576378232,用户6576378232,2,0,
1162,6655206723,加祥9,1,0,
1163,6276020221,枇杷君儿,2,0,
1164,6529190398,用户6529190398,1,0,
1165,3802291901,陈yi欣啊,2,0,
1166,3248241212,抚州发布,0,2,江西省抚州市人民政府新闻办公室官方微博
1167,6067915728,啊啊啊啊啊大女神呀,2,0,
1168,5093590656,石家庄身边事儿,1,1,知名本地博主 本地资讯博主（石家庄） 资讯视频自媒体
1169,2743112592,钟洋,1,1,传统弓箭超话主持人
1170,2141952405,春暖花开的一季,2,0,
1171,2087875965,法制网,0,2,法制日报官方网站法制网官方微博
1172,2032832694,我叫马尔斯,2,0,
1173,6514665344,新浪湖北宜昌,0,2,新浪湖北宜昌官方微博
1174,5529989019,A-猫大叔你是神,2,0,
1175,5713285353,不忘初心的海,1,0,
1176,1649195742,央视新闻周刊,0,2,央视《新闻周刊》官方微博
1177,1606612822,沸点观察,1,1,知名财经博主 微博股评师 微博签约自媒体
1178,1590753120,中国反邪教,0,2,中国反邪教官方微博
1179,1649470535,中金在线,0,2,中金在线官方微博
1180,6552110287,我叫独芜,1,0,
1181,5339615425,新澎新闻,1,0,
1182,1730243272,第一时间,0,2,CCTV2《第一时间》栏目官方微博
1183,5774512217,删除不掉残留记忆,1,0,
1184,2299223007,天定风华-阑,2,0,
1185,1893895632,东南早报,0,2,东南早报官方微博
1186,5985296428,毕业季·巴川小吴,1,0,
1187,6271564401,一只yuan蛋蛋,2,0,
1188,6488511543,青空下落,1,0,
1189,3084925013,时事热议人儿,1,0,
1190,2329614975,AE孤独_身影_钟声,2,1,王超伟超话小主持人
1191,1844820445,八妹实验室,2,1,《八妹实验室》财经栏目负责人
1192,3844101352,柳下冰心,1,0,
1193,5604106418,小惢_r,2,0,
1194,3965228424,lss_沙·万万没想到,2,1,三口草莓超话小主持人
1195,6660976099,我都要笑了585,1,0,
1196,1751055003,嵩山一休哥,1,1,财经博主 头条文章作者
1197,6572671731,绿袖子Dimple,2,0,
1198,3478727610,给我十元哇,1,0,
1199,5542206389,阿瑞霸天下,1,0,
1200,2285465221,南宁电视台,0,2,南宁电视台官方微博
1201,1496814565,华西都市报,0,2,华西都市报官方微博 微博区域新媒体（四川）站
1202,1751734644,泉州民生百态,1,1,本地资讯博主（泉州）
1203,5648912695,Honey-张宇彤,2,0,
1204,1974567457,邢台同城会,0,2,邢台同城会官方微博
1205,3614752171,贵州省凯里监狱,0,2,贵州省凯里监狱官方微博
1206,1673779915,小鱼麻麻0606,2,0,
1207,1779076337,梁曉雲那個雲,2,0,
1208,1446236481,深圳离婚律师李涛,1,1,北京市盈科(深圳)律师事务所 专职律师
1209,3926643996,喃录,1,1,情感博主
1210,6118491639,迈克y松松松,2,0,
1211,5717699858,旭旭hhh,2,0,
1212,2819547514,琚瑶珏玦,2,0,
1213,1921835780,脑壳有个大包,1,0,
1214,5014524084,勤劳的电工居居,1,0,
1215,2141804335,即将死去的小朋友,2,0,
1216,1231317854,工业科技迷,1,1,知名设计美学博主 泛科普视频自媒体
1217,2038955251,33号猫舍,2,1,萌宠博主
1218,2898592852,是Lily莉莉子呀,2,0,
1219,6212207460,用户6212207460,1,0,
1220,5378846552,北京赞扬律师事务所,1,0,
1221,2767031295,Raul_lu,1,0,
1222,5183476509,我是火星小黄瓜,2,0,
1223,1840105820,布女士吗,2,0,
1224,5995228058,社会网,2,1,头条文章作者
1225,1003638770,用户jq8yv7j1pv,1,0,
1226,2216937203,黑山老妖怪能吃么,2,0,
1227,5938806551,那年我好方,2,0,
1228,6023217565,拿第一的小灿,1,0,
1229,1876733815,牵引风筝2017,1,0,
1230,3813113336,果喵正在画画O,2,0,
1231,5879369273,shenzhen234,1,0,
1232,6090172415,水库论坛微博,1,0,
1233,5451878583,深水幽蓝i华,1,0,
1234,3893394407,青花女王,2,1,知名互联网资讯博主
1235,6255163280,来自东方的思考者,1,0,
1236,6266748688,海河英才,0,2,海河英才微博官方账号
1237,5463568582,荆棘鸟LZ,1,0,
1238,1853942092,真爱王子i,1,1,联鸿发电业（深圳）有限公司 保安员
1239,1772030955,金玉堂先生,1,1,河南钱易贷网络科技有限公司 董事长
1240,3243757400,安徽商贸学院警务室,0,2,芜湖市公安局弋江分局高校园区派出所安徽商贸学院警务室官方微博
1241,1904947977,新疆都市消费晨报,0,2,新疆都市消费晨报官方微博
1242,6277950933,镇巴检察_,0,2,陕西省汉中市镇巴县人民检察院官方微博
1243,5990999647,霸道总裁,1,1,游戏公司总裁 限量版劳斯莱斯车主
1244,6346999207,罂粟Rose冰,2,0,
1245,3568376855,山高路远哎,1,0,
1246,2392261910,社会网络与数据挖掘,0,2,社会网络与数据挖掘自媒体微博
1247,2203282867,柯岚-教书的人,2,1,西北大学法学院教授
1248,1220691434,黄-非-红,1,0,
1249,1640601392,新浪视频,0,2,新浪视频官方微博
1250,5470005486,今日宜肆,1,0,
1251,5600726147,波波13459011925,1,0,
1252,2818550401,衡水广播电视台,0,2,衡水广播电视台官方微博
1253,2622472937,金十数据,0,2,金十全球资讯
1254,5049157639,新浪广东珠海,0,2,新浪广东珠海官方微博
1255,1752825395,光明网,0,2,光明网的微博
1256,1895394815,荆楚网,0,2,荆楚网官方微博
1257,6431121669,态度湖南,1,0,
1258,3515307304,德阳网微博,0,2,德阳日报社德阳网(www.dywang.cn/)官方微博
1259,6611498179,云南山里生电子商务公司,0,2,云南山里生电子商务有限公司
1260,6637835345,VPB肌肤之美,0,2,VPB官方微博
1261,6602548288,数美财经,0,2,数美研究院
1262,6489561066,9财经,0,2,浙江众媒科技有限公司官方微博
1263,6206527782,天道美思考,1,1,娱乐博主 起点小说推荐超话主持人
1264,2512432802,金山网,0,2,镇江金山网 官方微博
1265,6222796232,腔腔桃儿,2,0,
1266,6443843148,梦想汇企业服务,0,2,北京梦想汇科技有限公司官方微博
1267,5652430848,稀里糊涂溜一圈,1,0,
1268,3983814933,陇南武都供销社,0,2,甘肃省陇南市武都区供销合作社联合社官方微博
1269,5660750043,红德智库官方,0,2,武汉红思传媒有限公司
1270,2367494884,洋洋洋射手,1,0,
1271,5744884087,Fate小枫2587,1,0,
1272,5318595519,大爱苏杭_583,1,0,
1273,6549831647,耶苏Z009,1,0,
1274,6489616493,思想632230120,1,0,
1275,6662166170,别闹199609,1,0,
1276,1702540783,千家网,0,2,千家智客官方微博
1277,5917076274,fex0823,1,0,
1278,6042372424,用户6042372424农夫,1,0,
1279,1288429914,江西卫视,0,2,江西卫视官方微博
1280,6487917552,第三只眼之歌,1,0,
1281,6016007479,广州微博房产,0,2,广州微博房产官方微博
1282,3572814554,贵州省轿子山监狱,0,2,贵州省轿子山监狱官方微博
1283,5683074787,用户5683074787,1,0,
1284,2864689250,鼎岳文化,0,2,四川鼎岳文化传播有限公司官方微博
1285,1802135463,Mr_于滨,1,0,
1286,1344717125,木-虫,1,1,作家：出版诗集《奔跑的石头》、《垂直的蓝》
1287,2012360421,位建,1,1,知名互联网资讯博主
1288,3684273013,十年後HKW,1,0,
1289,1941020722,建昌公安,0,2,辽宁省建昌县公安局官方微博
1290,3488433195,XYW521,1,0,
1291,2659425330,都江堰检察,0,2,都江堰市人民检察院官方微博
1292,1708272477,石家庄的事儿,1,1,知名本地博主 本地资讯博主（石家庄） 头条文章作者 微博签约自媒体
1293,3614628081,币圈黄埔军校,1,1,知名财经博主 头条文章作者
1294,6632229804,用户6632229804,1,0,
1295,2175770861,自贡市广播电视台,0,2,自贡市广播电视台官方微博
1296,6549925020,东东本尊517,1,0,
1297,6392823524,你不懂我的新,1,0,
1298,2037509875,贵州交通广播,0,2,贵州交通广播官方微博
1299,6489376810,每日全接触,1,0,
1300,6610113665,金竹金服官博,0,2,杭州鑫珂金融服务外包有限公司
1301,2172734702,两只白兔跑了,1,0,
1302,1644489953,南方都市报,0,2,《南方都市报》官方
1303,5662723275,长春新观察,1,1,知名本地博主 本地资讯博主（长春）
1304,1917692621,铁柱哥nzn,1,0,
1305,1381045347,云中那有风,1,0,
1306,2972474694,万州发布,0,2,重庆市万州区委外宣办、区政府新闻办、区互联网信息管理办公室
1307,5607499943,中国好网民,0,2,“中国好网民”系列活动官方微博
1308,5644785953,武汉热点,1,1,本地资讯博主（武汉） 资讯视频自媒体
1309,6435066865,水晶雨夜天使,2,0,
1310,1852311737,poo6,1,0,
1311,3969231173,迷失的小王子2014,1,1,互联网资讯博主 头条文章作者 微博签约自媒体
1312,3742721195,天麒岂是池中物,1,0,
1313,1806503894,安徽商报,0,2,安徽商报官方微博
1314,1717833412,华商报,0,2,华商报官方微博
1315,6348472805,法加微博,0,2,北京法和科技有限公司微博
1316,3908683607,是停停呀,2,0,
1317,6250824982,时间视频,0,2,北京时间旗下泛资讯短视频平台
1318,3844275637,亦木幸福Tina,2,0,
1319,1145008102,東方峯,1,0,
1320,6515294064,黑夜魔灯,1,0,
1321,5427391807,三亚政务,0,2,三亚市人民政府办公室
1322,2460420293,娱乐妖姐,1,0,
1323,2010784967,曲氏家族的sklu,2,0,
1324,3074579441,夏夏夏夏夏天Aria,2,0,
1325,1985673841,乐从镇微博,0,2,佛山市顺德区乐从镇人民政府官方微博
1326,1740522895,新浪厦门,0,2,新浪厦门官方微博
1327,5186380503,登陆918,0,2,郑州人民广播电台文化娱乐广播《登陆918》栏目
1328,5182202400,郎识,1,1,科学科普博主
1329,3365993480,福建日报,0,2,福建日报官方微博
1330,1838418285,Vinobible,1,0,
1331,6644122785,用户6644122785,1,0,
1332,5555157928,金瑞鼎盛-陈小白,1,1,金瑞鼎盛资产管理公司 首席投资顾问 财经博主 头条文章作者
1333,2600864183,新浪云南,0,2,新浪云南官方微博
1334,3840904562,昆明官渡发布,0,2,云南省昆明市官渡区政府官方微博
1335,1966814304,周小衣1,1,0,
1336,5394492402,仓鼠一个荼栖,2,0,
1337,1850541015,添宝么么哒,2,0,
1338,1962603061,半透明飞舞,2,0,
1339,1168607412,记行天下,1,1,前 媒体人（郑州） 《大河报》记者
1340,6187961297,想长高不想长大的橙汁,2,0,
1341,6668185679,用户6668185679,1,0,
1342,5553721747,别看了我不是会员,1,0,
1343,1688373762,Rachel小晴子,2,0,
1344,6058808010,小仙女班班长,2,0,
1345,6006375617,凬砂,2,0,
1346,5284074461,劉導演i,1,0,
1347,2149719645,妖怪出租屋,1,0,
1348,3199627477,天府TV,0,2,成都市广播电视台天府TV
1349,6336879733,优服新能源,0,2,广东同城优服新能源有限公司官方微博
1350,5915866355,宣城网警巡查执法,0,2,安徽省宣城市公安局网安支队官方微博
1351,3768854581,年糕妈妈,2,1,知名母婴育儿博主 头条文章作者 微博签约自媒体
1352,3049187895,Abby_ibb,2,0,
1353,5137901692,CJing苦咖啡,2,0,
1354,3190965683,温和行者,1,0,
1355,3216785030,股市老红军,1,1,财经博主 头条文章作者
1356,1193725273,中国企业家杂志,0,2,《中国企业家》杂志官方微博
1357,6673152737,用户6673152737,1,0,
1358,1893707564,游野Peng,1,0,
1359,3289489431,酸平平平呀-,2,0,
1360,1658393401,指南不假,2,1,头条文章作者
1361,2626472827,陇南发布,0,2,甘肃省陇南市外宣办官方微博
1362,6422726368,香山小红叶05,2,0,
1363,6704604032,用户7110040701,2,0,
1364,2763342602,平安蔡甸,0,2,武汉市公安局蔡甸区分局官方微博
1365,6705483940,aZ小三配狗_whitesnow,2,0,
1366,6008418895,PP财经,0,2,PP财经官方微博
1367,5502627492,心灵快捷键,1,0,
1368,6704512855,aW皆成旧梦_soulborn,2,0,
1369,1702896953,河北青年报,0,2,《河北青年报》官方微博
1370,5610349502,大连网警巡查执法,0,2,辽宁省大连市公安局网络安全保卫支队
1371,3267967823,江苏省中医院,0,2,江苏省中医院官方微博
1372,6600005754,tzwzy,1,0,
1373,6664633068,人在光谷,2,0,
1374,3193976821,方圆杂志,0,2,方圆杂志官方微博
1375,5481690521,新浪陕西宝鸡频道,0,2,新浪陕西宝鸡频道官方微博
1376,5915442494,泸州网警巡查执法,0,2,泸州市公安局网络安全保卫支队官方微博
1377,3615971322,乐山日报,0,2,《乐山日报》官方微博
1378,2740207591,三亚日报,0,2,三亚日报官方微博
1379,6576538566,一丝阳光在微笑97652,1,0,
1380,5126267841,湖南大众传媒学院影视艺术学院,0,2,湖南大众传媒职业技术学院影视艺术学院官方微博
1381,6439830693,慧慧09096439830693,2,0,
1382,1831059072,民主与法制社,0,2,民主与法制社官方微博
1383,2241740393,士力架别开枪我是脆香米啊,2,0,
1384,2016187071,smartsmartbohol,2,0,
1385,1706391544,世界荟萃文摘,1,0,
1386,1824471684,泰州同城会,0,2,泰州同城会官方微博
1387,5973785568,弥勒市检察院,0,2,弥勒市人民检察院官方微博
1388,1789470773,HUFLOW卢卡,0,2,音乐人
1389,1747044030,侠客行北京,1,0,
1390,2393549411,FeiRil,1,1,知名娱乐博主
1391,6679145741,痴情是瘾是蛊_aduvpz,1,0,
1392,6000156075,家望春风到,1,0,
1393,1558148043,全球热门收集,1,1,知名搞笑幽默博主
1394,3130307851,如来天眼观,1,1,军事博主 视频自媒体
1395,1794184042,杰森斯坦森印,1,1,知名互联网资讯博主 资讯视频自媒体
1396,5111006059,青年力,0,2,北京青年力文化传媒有限公司
1397,5367872380,可乐青檬,1,0,
1398,6373977263,演员娇,2,1,知名电影博主
1399,1703371307,北京晚报,0,2,北京晚报官方微博
1400,5247719024,襄阳情报员,1,1,本地资讯博主（襄阳）
1401,1956700750,电商报,0,2,电商报官方微博
1402,3856142061,陕西政法,0,2,中共陕西省委政法委员会官方微博
1403,2200249730,民生江西,0,2,中国江西网《问政江西》官方微博
1404,2402588051,寿光公安,0,2,山东省寿光公安局官方微博
1405,5285696288,kiki酱地表最强,2,0,
1406,5611252299,天津网警巡查执法,0,2,天津市公安局网络安全保卫总队官方微博
1407,3883134407,_玉莹,2,0,
1408,2179602012,锦江检察,0,2,成都市锦江区人民检察院
1409,1644948230,法制晚报,0,2,《法制晚报》官方微博
1410,2449238663,行-林K枫,1,1,中国人寿 衡阳公司 理财顾问
1411,6295148399,汉中反邪,0,2,汉中市人民政府防范和处理邪教问题办公室官方微博
1412,5819198000,anlashuo98558,2,0,
1413,6423320331,LLGemini1987,1,0,
1414,1867049115,薄凉cj,2,0,
1415,3114175427,解放日报,0,2,解放日报官方微博
1416,5355302086,石家庄高新检察院,0,2,河北省石家庄高新技术产业开发区人民检察院官方微博
1417,6083461336,福建科普,0,2,福建省科学技术协会官方微博
1418,5632140899,上城科普,0,2,杭州市上城区科学技术协会官方微博
1419,2917423344,石家庄微吧,0,2,石家庄微吧官方微博
1420,6357430569,风雨同舟七七,1,0,
1421,6591952393,水也会流泪cium,1,0,
1422,3297730511,善良的好好孩子,2,0,
1423,2431949197,张昊DEREK,1,0,
1424,6649716820,DHV梦丽联盟创始人,2,0,
1425,3861202070,牡丹江铁路运输法院,0,2,黑龙江省牡丹江铁路运输法院官方微博
1426,6607551126,·板板经济学家··,1,0,
1427,1263049203,Suna苏纳,2,0,
1428,2369379394,兵民情,1,1,知名军事博主 头条文章作者 微博签约自媒体
1429,6361184500,集木优品,0,2,集木优品官方微博
1430,6450154939,领事之声,0,2,外交部领事保护中心官方微博
1431,5076572289,毛爷123452,1,0,
1432,6667170714,用户6667170714,1,0,
1433,1400405253,苏客同学,1,1,Bloomberg News - Editor
1434,6668698476,豆汁二人组,1,0,
1435,2600863527,新浪宁夏,0,2,新浪宁夏官方微博
1436,5436423225,loving-heart,2,0,
1437,3033788323,我说了都算,1,0,
1438,2160337697,糊里糊涂的-我,1,0,
1439,5658305663,保定网警巡查执法,0,2,保定市公安局网络安全保卫支队
1440,2028461427,美人何辜,2,0,
1441,6591987442,弦断断了几世悲哀85400,1,0,
1442,6130961672,猪躲在旮旯,2,0,
1443,2171456470,开封红洋楼派出所,0,2,开封市红洋楼派出所官方微博
1444,1750349212,986路上好朋友,0,2,沈阳交通广播FM98.6官方微博
1445,1758904723,医疗音乐手绘君,1,1,知名音乐博主 健康达人 洪洞县人民医院药剂师 科普大作战超话小主持人 音乐视频自媒体
1446,1642070001,彭Eddie他老婆,2,0,
1447,2219904020,A_饼干,2,0,
1448,5649188758,卖女孩的祥子,1,0,
1449,1839788850,FlyLondonlive,1,1,佳县足球协会会员
1450,5428947165,胡俊辉,1,0,
1451,1497044820,特警4587的马甲,1,0,
1452,1260430664,皮哥orange,1,1,知名电影博主 头条文章作者 微博签约自媒体
1453,5946102259,MaxSe7en,2,0,
1454,5322079737,我是高校315,1,0,
1455,2562423751,叶伟明Castanet,1,0,
1456,6418480627,星视频,0,2,政法频道旗下认证视频号
1457,3738054012,chio的蓝忘机,2,0,
1458,5346242188,Wangel冰,2,0,
1459,6424912953,逆时针的皮哎,1,0,
1460,5617894057,宁波网警巡查执法,0,2,浙江省宁波市公安局网络警察支队
1461,1454056167,评论阿强,1,1,头条文章作者
1462,2892825034,十堰网警巡查执法,0,2,十堰市公安局网络安全保卫支队官方微博
1463,6474280055,早啊新闻来了,0,2,央视新闻“新闻来了”官方微博
1464,6020816892,你说呢ou,1,0,
1465,6523221608,衢州反邪教,0,2,浙江省衢州市反邪教协会官方微博
1466,5615333246,安顺网警巡查执法,0,2,安顺市公安局网络安全保卫支队官方微博
1467,5032304329,芷雅成长日记,2,0,
1468,5610755802,大庆网警巡查执法,0,2,黑龙江省大庆市公安局网安支队官方微博
1469,2394420684,邵阳日报社,0,2,邵阳日报社官方微博
1470,1861477054,何天恩,1,1,  衢州柯城奇正企业文化工作室 创始人 资讯视频自媒体
1471,6738512090,A发羽韵微,1,0,
1472,1199581807,易岛城,1,1,媒体人 头条文章作者
1473,6097989361,心隨甜動88,1,0,
1474,6662029270,柿饼啦啦啦,2,0,
1475,2832341827,山西大同交警,0,2,山西省大同市公安局交通警察支队官方微博
1476,5884027951,东莞吃喝玩乐汇,1,1,本地资讯博主（东莞）
1477,5430893418,外汇贵金属分析师-Han,1,0,
1478,1627825392,互联网的那点事,2,1,微博知名互联网观察家 资讯视频自媒体
1479,2647971081,燕赵晚报,0,2,《燕赵晚报》官方微博
1480,6525097925,啦比超级甜,2,0,
1481,1882137803,BTV都市晚高峰,0,2,BTV公共·新闻频道《都市晚高峰》
1482,2662308013,抚顺市望花区妇联,0,2,抚顺市望花区妇女联合会 官方微博
1483,2411905363,音乐微小说,2,1,微博知名音乐博主 微博签约自媒体
1484,3290905262,流年往返的那些人,2,0,
1485,3561568133,青羊检察,0,2,成都市青羊区人民检察院官方微博
1486,2925448943,星之夜谭,1,0,
1487,1738742554,中国经济周刊,0,2,《中国经济周刊》官方微博
1488,2645626424,zhang阳阳,1,0,
1489,2667873582,影魔龙飞,1,1,互联网资讯博主 头条文章作者
1490,1486303627,云南美·老山英雄V,1,1,互联网资讯博主
1491,1793142053,暮色的罚球线,1,0,
1492,6179225639,APP榜,1,0,
1493,3546332963,天津日报,0,2,《天津日报》官方微博
1494,6503395131,陕西市县新闻,1,0,
1495,2140835845,沧州同城会,0,2,沧州同城会官方微博
1496,75848,陇南礼县发布,0,2,中共甘肃省陇南市礼县委员会对外宣传办公室官方微博
1497,6410303969,娱乐扒珺,2,1,娱乐综艺视频自媒体
1498,5705014432,用户5705014432,2,0,
1499,6401251751,温州心动,1,1,资讯视频自媒体
1500,5197104264,悦浦江,1,1,浦江超话小主持人 资讯视频自媒体
1501,2630914384,东莞兴盾器材,0,2,东莞兴盾器材经营部，生产销售多款反光背心、保安器材，欢迎。
1502,2338098115,鹤壁网,0,2,鹤壁综合性新闻门户网站 www.hebiw.com 官方微博
1503,1897851032,九江晨报,0,2,《九江晨报》官方微博
1504,1649252577,创业邦杂志,0,2,《创业邦》杂志官方微博
1505,5400333072,盐都生活,0,2,微观盐都，共享丰富的盐都生活美食，时尚旅游信息！
1506,1173829135,东阳工艺美术,0,2,东阳市工艺美术行业协会
1507,2393235664,yxy1123,1,0,
1508,6041299614,莫紫荨wlh,2,0,
1509,1414660523,白帽蓝衣,1,1,山西省公安厅交通警察总队高速三支队一大队民警
1510,1591361910,张律师的世界,2,1,      北京安嘉律师事务所专职律师 知名法律博主
1511,2712601544,香港衛視HKS,0,2,香港卫视官方微博
1512,3554657413,昌松郡,1,1,陇上微圈超话小主持人 微博故事原创作者
1513,2827102952,湖北日报,0,2,《湖北日报》官方微博
1514,2275337915,北京事哥,1,1,搞笑视频自媒体
1515,6068939260,快手无间道,1,0,
1516,1684739123,时空网,0,2,时空网http://www.gxsky.com/官方微博
